id,post,y,d,x1,x2,x3,x4
1,0,319.470790045233,1,-0.970809341251432,-1.71302116330884,1.1676013178223,-1.11496888684724
2,1,658.270320772107,1,0.0259111509956215,0.239933408618603,-0.0912166015335245,0.534717870821761
3,0,476.790723560236,1,0.971473207334313,-0.717986881574327,-0.180019701288441,0.982305631170819
4,0,298.563993518496,1,-1.36390746076002,1.07051550273303,-2.30308742457939,-0.388516735699074
5,0,463.891784358533,1,0.175808637831307,0.511776726591933,-0.721668486596837,1.46527887749125
6,1,383.967557555252,0,0.256285277205068,-1.32345827272386,-0.559903927784994,0.0694968172762836
7,1,410.096833881436,0,-0.634068569559202,1.1091771058045,0.971998467770096,-1.17686999821662
8,0,182.115857110738,0,-0.61648575787806,-0.262504484227381,-0.331505070579516,-0.071081215452866
9,0,164.374503729867,0,-0.627661666016464,-0.793047188165062,0.183873011024217,-1.33831152137412
10,0,430.307399119311,1,-0.81526057807413,0.583446235002874,1.70321894799059,-0.269102391243757
11,0,210.754099701645,0,-0.571974435237809,1.45899359540245,0.325074567391981,-0.695580769861706
12,0,459.777777417791,1,-0.871216751175026,2.11155951884375,0.964736938474511,0.124124762706725
13,1,499.929834868756,1,-0.753140959399952,-1.51802042447409,-0.284918855525045,0.112520665931823
14,0,432.021759527387,1,-0.166242695003546,-0.391028357184912,-0.0295101132286387,1.176244874617
15,0,442.863677349229,1,0.799001085646721,0.0748553841111983,-1.15579958280795,0.27472423714132
16,1,656.701800545447,1,-0.309319818907605,0.0643008855882295,-0.173300525737369,1.37505016027086
17,1,341.964047334485,0,-0.59384447940938,-0.513563785897999,-0.292114828510733,-0.887264200980711
18,0,123.068504335345,0,-0.82642680241315,-3.08415052895748,-0.268305762649291,-1.46693023549424
19,1,517.833988631109,1,-0.786837865792626,-0.358678239244282,-0.276067846943936,-0.533852878613785
20,0,349.207979913981,0,3.66510710173501,-0.178857064155014,1.02122224994907,2.15141285108284
21,0,221.184797126661,0,-0.105656153022208,0.0285316258839878,0.0632536498263273,0.984600392263892
22,0,368.10662722183,1,-0.58074513391065,-0.95932548272052,0.191847563656428,-0.0252200506049981
23,1,361.388756412022,0,-0.547854233822677,-0.132105004320348,-0.0839856333715888,-0.868625371391296
24,1,479.746203458732,0,0.207307680184745,-0.529929377051399,1.29133882060649,0.958075420057739
25,0,179.626738326138,0,-0.705818638957612,-0.50270162843426,0.705235752429667,-1.10697066152043
26,0,325.751423406957,1,-1.07366851047688,-0.564746513312893,-0.467788654466305,-0.241843845817724
27,1,686.732155359193,1,0.330814952079579,0.883240240388908,-0.822878154982013,0.656843368093061
28,0,376.009677356543,1,-0.883836766321461,0.973101661379525,-0.272996080336328,-0.535245190166164
29,1,570.411231548328,1,-0.232967221642319,-0.216054377839264,-0.078755273007676,-0.644172235146093
30,1,546.491210712298,1,-0.839341591830913,-1.62612612460621,2.40164324905617,-1.11017679350451
31,1,513.201383201013,0,0.997013233535903,0.482167779120656,-0.663054603020278,1.59423946977033
32,0,156.453627544604,0,-0.570930738642048,-1.63548102903552,-1.03181837693089,-0.0703425828534322
33,1,496.681116455349,1,-0.714983086146546,-1.46330075091088,0.488009571771737,-0.865101964224537
34,1,562.923915542192,1,-0.587575909813591,-0.892447735968687,0.661318930884315,-0.218457226447884
35,1,438.768810684597,1,-1.14308302302641,-1.50080912010365,-0.75241099222276,-0.136904216715216
36,1,323.600654069841,0,-0.952771198617643,-1.27249215270494,0.801481063126307,-1.10439467743465
37,0,264.796862811903,1,-1.31965212941944,2.13514322370836,-2.57441790691936,-2.51003384712056
38,0,307.897726230049,1,-1.02946410950841,-0.155398316739834,-1.34035193306377,-0.535667239762382
39,0,363.457812060961,1,-0.447062545461685,-0.757380755705138,-0.2892211564965,-0.204603842512961
40,1,602.182466456611,1,-0.564586844829317,0.761971752818957,0.608657770141221,-0.849522623056795
41,1,534.886300785201,0,1.54174838871269,0.0693560712145085,0.458398578650108,0.514274930829593
42,1,437.546311271446,1,-0.905913375480554,-1.67669527204424,-0.449037058559833,-0.701431998065562
43,0,390.95688763568,1,-0.796703942823186,-0.72672685913076,1.87797853451441,-0.658827365074502
44,1,601.745835568696,1,-0.437259063229247,0.56138195818602,-0.233373637393297,-0.172194340062102
45,1,614.909040151548,1,-0.869181056829443,2.62835404988271,-0.348694721174804,-0.867290427652587
46,0,450.92027646995,1,-0.856090850716958,2.1169582488567,0.999513011388509,-0.306023036488621
47,0,184.113972346907,0,-0.924499763175545,1.16258997006095,0.16315989229962,-1.40468105691881
48,1,402.010934491711,1,-0.990921868505062,-0.0187643774936651,-2.15093607507824,-1.41504466321703
49,0,172.500312670855,0,-0.602038372805173,-2.00109512245538,-0.452104357410952,0.914013518544143
50,0,389.394414796273,1,-0.584732180570055,-0.838906631896633,0.577599251038645,0.393109576192997
51,0,149.296507749313,0,-1.20517033765667,-0.341582952766253,-0.222363078428196,-1.55495048873053
52,0,341.682268070193,1,-0.638617008511972,0.580624780446115,-0.985522827013859,-1.23534598247789
53,1,446.001670523799,1,-0.925247378903547,0.0824518585404497,-0.0992783259861273,-2.58045414213758
54,0,384.041584035445,1,-0.87951292101586,0.0790201416043468,0.456757847788936,-0.0931226354691946
55,0,444.24578967235,1,-0.349556689066497,1.83445494828611,-0.245561191632588,-0.0221312196591453
56,0,452.986333225158,1,0.317940648389877,0.259684518680923,-0.314190475864286,0.643471516690967
57,1,545.710508578826,0,1.89806677428866,-0.0836017450012598,-0.423874385839405,1.30950631877197
58,0,164.027241820311,0,-0.751510812906034,-0.541340167026511,-0.678612740848708,-0.624008175406488
59,0,333.617680805986,0,1.8198001169579,0.0294185384815675,3.26884390125929,1.9942477292579
60,0,348.610301129452,1,-0.94822942437128,-1.14262564986405,0.92290942416793,-0.531720709611525
61,1,733.650419884231,1,0.422998515680253,0.862649809183701,-0.208786624354587,0.991263569231415
62,0,342.39714736645,0,4.04660693211317,-0.0384844581204324,-0.233175489984482,1.88133940085904
63,1,403.905030173365,0,-0.249012006666591,-0.496397831353483,-0.0945405511207479,0.489554637676371
64,1,317.822436342599,0,-0.691635914403913,-1.06607557393821,-0.99791222138006,-0.264668313018949
65,0,431.280727358496,1,-0.226765176558677,0.867228855276662,-0.0769165804590163,0.104790560570669
66,1,560.22967264614,0,2.15007909354646,-0.341137999138337,-0.445724414016334,1.55486087616345
67,1,472.817298086096,1,-0.93927586741913,-0.655481074381026,-1.02207170774745,-0.266569454689446
68,0,234.573464321822,0,1.40498197296453,0.117110589357911,-1.13380223416794,0.124302604822521
69,1,460.369753411943,0,1.34280223250238,-0.0418440713752807,-0.725617427339834,-0.439973460461139
70,1,433.021237670226,0,0.0829074200880048,0.192925140409168,-0.444764873311651,0.634730007420183
71,1,363.313846481835,0,-0.214763990064739,-1.21082015541104,-0.0718056554409373,-0.257510297925737
72,0,325.023560984671,1,-0.557728750680017,-0.485894330606066,-0.321028596214673,-1.52730550043215
73,0,166.48622017689,0,-0.497761484769038,-1.858206883894,-0.320692721831441,0.098879341145411
74,0,429.079393711044,1,0.413473685495888,-0.533877773353712,0.0734873563515304,-0.0354046041065379
75,0,300.557033893171,0,2.78578833362014,0.237477176998971,-1.4399118413438,2.10918077204956
76,1,407.053456023644,0,-0.342738653621278,0.251260594786558,-0.108501080754338,0.119879534080307
77,1,603.743645708004,1,-1.05025389422334,0.12607968661835,1.74967273048481,-0.453648203502396
78,0,167.078198181156,0,-0.723166225846171,-1.16073298039853,1.27537740747123,-1.73555276417647
79,0,383.52773641895,1,0.0077671449224423,-0.448004214529142,-0.189324982878413,-0.677115803168098
80,0,186.842386627319,0,-0.463239720038646,-1.08573841788199,0.063422707960237,0.444591838448102
81,0,196.491061410669,0,-0.361329033998946,0.0537911545075261,0.101212369776246,-0.309503193448402
82,0,461.936872026196,1,-0.355411920700288,0.766202214641616,0.273629537550262,1.2902758238554
83,0,180.753860729718,0,-1.04261883241903,0.440667608570116,0.523161848179058,-1.08851337795453
84,1,338.28122343164,0,-0.358293779092082,-0.619551668202584,-0.153709852612291,-1.53366598201998
85,0,511.705313789395,1,0.656763132723758,0.305545664433113,0.613342596345506,1.10506113706373
86,1,480.830700977806,0,0.470646065007229,0.238015152041177,1.09740914533519,-0.102511251031683
87,1,746.321239830478,1,0.30366006988274,0.569569070322634,-0.042127859629294,1.65504014855375
88,1,380.394328799042,0,-0.522495502649444,-0.487570051120953,-0.900622674199645,1.0200631445062
89,0,192.744081990343,0,-0.371749789012945,-1.19267461831011,-0.148109321090314,0.842583243447648
90,1,524.216097352117,1,-0.965114529898026,-0.119841549960603,0.119652333644719,-0.664953101628923
91,0,397.542197061913,1,-0.263913889883095,0.286928082088814,0.0357645671792865,-0.55128605076034
92,0,235.671620162326,0,0.00488118084050863,1.25658107990428,0.562476700243576,0.163238386364933
93,1,624.640781963109,0,2.00941310750497,-0.0197664316054724,2.66489135882321,0.796357634397201
94,0,493.055578525108,1,0.85580443623197,0.211804108432977,0.577663103079967,0.172722529997252
95,1,504.016004613024,1,-0.583913974688648,-0.0955274510887893,-0.582557684751714,-1.25014810803742
96,0,489.099646959542,1,0.101686017360257,1.64041790681655,0.304776741821064,0.355433456929605
97,1,585.414310164004,1,-0.937399922520956,1.86918390209534,-0.950064906505727,-0.163543683741031
98,1,497.059557721741,0,0.692439810657717,-0.125900985850504,0.783028034822443,0.795548995447704
99,1,496.324838908633,0,0.817016902043028,-0.0645204930656294,1.0086999525375,0.163567998257627
100,1,592.790893711894,0,2.90583478619474,-0.00428636370896442,-1.35045248699577,1.83925999197198
101,0,223.229380157188,0,0.160881013666247,0.0831837407887692,-0.171642066352017,0.793637700034602
102,1,363.345591652552,0,-0.57035973621607,-0.643197123681919,-0.11837343958807,-0.186903456535549
103,0,212.86650527262,0,-0.164929935701683,0.0720390877696239,-0.119022924950692,0.593867336123179
104,1,446.193959908195,1,-0.588361662997015,-0.800336793252639,-1.04941194122875,-1.39537950285927
105,1,350.355136570278,0,-0.780734039611381,-1.40760940685353,1.07615481489812,-0.646551704113464
106,0,425.87684354936,1,-0.0762858486386913,0.680737878955029,-0.0413783993857337,-0.363892391885829
107,1,408.160529520608,0,-0.818559136366268,0.860971051073445,0.659814848023611,-0.276184510043402
108,1,433.499248936948,0,-0.0752089716800832,-0.480370473504967,-0.0498784184980043,1.11845822156234
109,1,702.703145215306,1,0.101110447556755,0.968566788523843,-0.00601700075369439,0.590274673510191
110,0,408.62891770047,1,-0.263064135406065,-0.182371171604969,-0.062005755988655,0.400874215923188
111,0,389.922284430396,1,-0.37501193895244,-0.287429447008139,0.547888041367644,-0.531313348456391
112,0,400.148779512706,1,-0.679391611264124,-1.15643664904054,1.68329749851066,0.0160648054859478
113,1,477.055841393889,1,-0.925664648798065,-0.033811707037821,-0.799657713490463,-0.981495427240246
114,1,437.71118571763,0,0.655549977521635,-0.0757679610022633,-0.76300304211492,0.195772516526431
115,1,409.098778045227,0,-0.201861795724757,0.0616308633867072,-0.0623458158466176,0.0247756222951173
116,0,486.662791257901,1,0.632697226900026,0.249364591439809,0.609644635002558,0.235994687126987
117,1,634.421206659374,1,-0.98750714751948,1.29939164288218,0.141553589952124,0.593912131590958
118,0,430.137614238078,1,-0.0744513953801861,0.276757385508292,-0.180667375629546,0.395032796184234
119,0,225.320954114425,0,0.442137114400783,0.619000848981396,-0.210938275092713,-0.0705984980114988
120,0,211.228357353532,0,-0.242094027055718,0.996415702296323,-0.105339728034324,-0.29362955639339
121,1,336.262077847748,0,-0.371598112934816,-2.96328260931416,-0.348384563786677,0.915629817944722
122,0,294.213740825238,1,-0.756311180423091,-0.459522490570594,-1.39586085666628,-1.24371366360969
123,0,345.886209161046,0,2.75764679098231,0.119144828699784,3.59173960218086,0.58119012672197
124,0,212.431826918073,0,0.533544507062264,-0.662950638190264,-1.13442615935871,0.797292476023685
125,0,262.662624714506,0,2.2460767947794,-0.246405071506091,-2.66294531745343,2.14773553214549
126,1,569.090780338103,1,-0.152850735824502,0.242582433994559,-0.0593845578856331,-1.31263753205622
127,1,361.990312593875,0,-0.668775105835205,-0.532023248959742,0.0452285507455478,-0.342934915114167
128,1,550.569190134092,1,-1.09936966872641,-2.6198902762321,2.44451398249102,0.470007226820505
129,0,440.374939937406,1,-0.671603948215278,1.0935537923289,1.27324340055505,-0.237128659809864
130,0,426.099740743993,1,-0.0221024886589111,-0.688743407965096,0.214619845777451,0.768634471951266
131,0,269.631920567744,0,0.872490231508172,0.189920075320636,1.77062665447536,0.72699170824183
132,1,630.574310286537,1,0.00258192754956661,0.33286402222648,0.000551546874764944,-0.313254272128887
133,0,376.541633238735,1,-0.954768216854641,2.14438381210289,-0.256002585851922,-1.54916099545591
134,0,220.03547672506,0,0.436981854433981,0.122946924216533,-0.143235334678883,-0.0325156005525402
135,0,173.390145165735,0,-1.15074509528792,1.03091287158476,0.770866405548387,-2.00398951125332
136,0,431.573418768851,1,-0.497298407669996,1.24338907861119,0.44601257853346,-0.304706533791523
137,0,359.041988161141,1,-0.462574831061738,-0.433944855370418,-0.00134105679221955,-0.875299350280613
138,1,460.714748023229,1,-1.2512410969854,-2.67528024444731,2.20031185328094,-1.13193873518172
139,1,470.278658243978,0,0.746763858688058,0.0751926870760268,0.107804869437795,0.177755704969348
140,1,584.199602701417,1,-0.663608989264311,1.5933085757591,-0.479623502161799,-0.885277818317087
141,1,362.274546009894,0,-0.475184790231266,-1.51299013092054,0.0304184734662064,0.305476853696218
142,0,305.351732908547,0,1.45011414195879,0.371088509168005,2.23409518287413,1.51401231657691
143,0,527.811702783054,1,0.400217122319925,-0.0384114767624168,1.04558341390818,2.1655774328838
144,0,397.378248776919,1,-0.307866637079909,0.0968074882452097,-0.193457098530572,-0.0714697999174007
145,0,383.902016517059,1,0.264519245950231,-0.241337160682834,-0.734730087283403,-0.91479405869349
146,1,418.504467947824,0,0.145404206339993,0.76856109706856,-0.63746798643686,-0.43387850426289
147,0,292.657731645295,0,1.92655567518518,0.419061607852397,0.0607368898588324,1.68506229821604
148,1,686.459277999666,1,0.0244509037283586,1.25131037832708,-0.0219518439781924,0.0684347698513246
149,0,225.051444143265,0,0.256516397401933,-0.671678944480274,0.273887459988878,1.03190497539498
150,1,452.211867959296,0,0.0937911993574962,0.580323200289844,-0.543273275871004,0.936081330027676
151,1,626.773527065379,1,-0.505126816245453,-0.412004685297609,0.0369483462035204,1.28756203522881
152,0,197.504800497379,0,-0.137651653773814,-0.863532555130668,-0.0310604041233671,0.237330809289493
153,0,247.877601269682,0,1.88098308851196,0.117072152501607,-2.25901142093468,1.11053526611781
154,1,513.981722127111,1,-0.807568691424306,-0.0233947883968328,-0.221512360296946,-0.978738905618691
155,1,663.152934038223,1,-0.1165375354857,0.68641890631895,0.163807011070313,0.128403492035762
156,1,750.037819019353,1,1.39564909337652,0.6747278428437,-1.80735901492846,1.28096447347507
157,0,443.504128223223,1,-0.403774228484065,1.06877249486835,-0.361037912797906,0.918342719484862
158,0,154.000051674598,0,-0.898480415656923,-0.952289316358279,-1.06169483294608,-0.368993088556931
159,1,472.509877324297,1,-0.804459879185685,0.181656054554159,-0.901407869722576,-1.5102058482988
160,0,388.676977797453,1,-0.513935720339645,1.55589885183005,-0.586284126662761,-1.11110334591987
161,0,369.361959206855,1,-0.792368687312275,1.51783323720567,-0.0814038455040238,-1.63412218878386
162,0,363.171869986663,1,-0.422807543422535,-1.65252617357338,-0.115181523648194,0.542553257979441
163,0,196.768899273627,0,-0.530384363509459,1.05215658929592,0.344468552877428,-1.26393394296126
164,1,556.077045630824,1,-0.365309024425526,-0.343025846736306,-0.155943031587522,-0.56149459161567
165,1,412.37436172537,0,0.153288628069498,-0.461388241935167,0.456351670841131,-0.588511324084436
166,0,228.498928033582,0,0.38655171028604,-0.708995920363357,0.0529397599006135,1.31503138252859
167,0,324.689532511598,0,1.95585417236106,-0.0905689734651908,2.11140006177043,2.41585497053174
168,1,649.662735704703,1,-0.276390090764977,0.657540408966224,-0.146776231420984,0.467509464382686
169,0,423.034605969364,1,-0.465908600294112,1.53567236173303,0.348708515565483,-0.897508462953026
170,0,269.500056110399,0,1.57870783866567,0.0479034576871685,0.434019779525551,0.816604131681707
171,1,544.836386740896,0,2.00623852586118,-0.02075698055594,-0.808429304194396,1.4113527415876
172,1,408.047302471772,0,-0.184286945308749,-0.182742881161794,-0.0714097943462154,0.132695781326963
173,0,198.869405879045,0,-0.47421809922967,1.02558575390582,-0.010555326912734,-1.05527202774403
174,1,328.027162206898,0,-1.21058658231095,-1.71835210665062,2.20431944857471,-1.41191737011388
175,0,298.475356569842,0,1.47702483572954,0.0904889254319322,1.34122293339634,1.9887964697812
176,1,597.211193146598,1,-0.787061610140259,1.3164592558765,0.716134132808749,-1.30646043682223
177,1,388.207866882058,0,-0.932294341666823,1.47951495278568,-0.575100928685773,-0.272378908803466
178,1,689.359358761673,0,5.70904296744267,0.0350259067000309,-3.66886608507033,1.97296479594135
179,0,196.912147666849,0,-0.0140003859828708,-0.947493727956233,-0.14827874894771,0.287861130332208
180,1,589.54938525395,1,-0.247789571713493,-0.770564895317519,-0.0577146835493039,0.369224982807003
181,1,308.080941351007,0,-1.45396631270575,-1.24892428825317,1.90739068400148,-1.74978842409588
182,0,389.17111320111,1,-0.301075117729997,-1.39873785940848,-0.0473345359729142,1.02295639678289
183,0,242.938303262821,0,0.821215115407541,0.0202214763764113,0.983927775430942,-0.367486171047684
184,1,708.536749894942,1,0.160214307124425,0.898593496059229,0.174388898870379,0.462477968322918
185,1,436.066417421277,0,0.736637961056553,-1.29428900422712,-0.733207596371343,1.15385095641977
186,0,593.061830814123,1,2.58836138683526,0.169310678101226,-0.462092099904974,1.42283630388562
187,0,239.646672660541,0,1.09462166343474,-0.0886826813327166,-0.173234113411579,0.323716329032404
188,0,393.083867484652,1,-0.592386373404657,-0.886810523171405,0.12468740659083,0.993468153619991
189,0,244.388553431319,0,0.478370458681398,0.470395830980688,-0.153936579622928,1.1865281143059
190,0,215.68845036885,0,-0.376873725719629,0.657724720627759,-0.00773846700169366,0.585133154636812
191,0,326.049524012797,1,-0.611081168288342,0.112155939101058,-1.09685185719534,-1.17663472481151
192,0,214.412253752484,1,-1.4792692626522,-1.60554813996052,-0.82421455161644,-2.18627631500576
193,0,291.026648979997,1,-0.7606375947087,-0.895008792824474,-0.471979890346265,-1.86191693412912
194,1,409.427261959243,0,0.236922440628916,-1.13582751284784,-0.333325425527568,0.558427645789154
195,1,613.842734444032,0,3.01934077955944,0.35648965608701,0.462881015619956,0.265303868363071
196,1,604.015592862108,1,0.250576020295909,-0.10840743384986,0.0766226178482722,-1.00288161151208
197,0,227.956819788702,0,0.38155284588095,-0.48718492700097,0.177728739024884,0.822936465780543
198,1,239.126987963887,0,-0.854757934967694,-2.8897100293402,-0.23448688504427,-1.71197852988
199,1,406.576616335885,0,-0.0801829482095505,-0.364274701790591,0.255201032116151,-0.231945750219304
200,1,645.877903499649,1,-1.29058034631595,-0.90105672342945,5.07958339726153,-1.19180801559461
201,0,209.789796858739,0,0.234189788095481,-0.98646426413859,0.196516329722285,0.240556137939531
202,0,261.190696858589,0,0.46966059841781,1.4635917110674,0.302492149628675,1.00496235418427
203,1,627.002904001076,1,-0.0595353256616539,0.731301339446465,-0.191635614010736,-0.491842135854196
204,0,423.2886054181,1,0.474315933301431,-0.940297993041006,-0.0241431486872814,0.156910225302088
205,0,419.277011953452,1,0.0587701979151654,0.884972324523593,-0.334712008193168,-0.718131845814481
206,1,654.870545827568,1,0.545576977858297,0.614484786484613,-0.593079576404661,-0.479865937782934
207,0,499.648110387743,1,2.28387746381782,0.148927984818943,-3.04094985194134,1.29708195845753
208,0,265.768135481709,0,1.01151047113234,0.182317580500703,1.439248999352,0.469830543726658
209,1,631.877237606105,1,-0.193214564505973,0.131620714966595,-0.0817696445407371,0.420143487762163
210,1,500.905374382476,1,-0.927887550019318,0.86072326213956,-0.689613565783938,-1.48519534786122
211,1,599.930323182827,1,0.164484334704951,-0.756832534607027,-0.17499891640918,-0.127451255397604
212,1,387.288790333529,0,-0.520804296490952,-0.717816643262086,-0.808599464640228,1.35012014161952
213,0,272.885245189283,0,1.61777503229526,-0.339277264905727,0.294789603528837,1.3136035799434
214,1,377.881778129302,1,-1.13496755526411,-0.255113707090681,-2.76660010135431,-0.819176829269794
215,0,182.370205798508,0,-0.53128055507817,0.163125816708974,-0.130388398600884,-1.00350424725652
216,0,502.023587376663,1,0.168519593051386,0.44021161027665,0.554163916411493,1.77687910855618
217,1,430.913153660454,0,-0.341463761034363,0.525364833243389,-0.0825956584985716,0.628052820843743
218,0,437.197305026038,1,-0.65342741012134,1.72707943502183,-0.266685054394057,0.555568140886746
219,1,422.171175676081,0,-0.454495063849744,0.634755491255439,0.00774034106181614,0.318153649711999
220,0,235.170415472323,0,0.392106067140775,0.806283745130747,-0.00150978083435494,0.342000198140742
221,1,746.718244802632,1,0.714326869356262,0.587670987852189,0.584506061226524,0.19456671116622
222,0,217.735363068153,0,0.427168964281901,-0.370141913144419,0.256139480252345,-0.165751949664574
223,1,577.570527730476,0,3.28439638823962,0.129474749461319,-2.86029899567592,1.97885894423951
224,1,803.125231194997,1,1.10114877872405,0.197789459884503,1.45615796293287,0.352068893527468
225,1,424.86969209349,0,0.0357145777426631,0.0942980187873512,-0.269070054304353,0.315359093701606
226,1,321.298357909062,0,-0.685778616850354,-1.09947764958611,-0.643391216128856,-0.403541804008223
227,1,767.410028640188,0,5.25079879489725,0.0555974386381454,-0.405864145625565,2.54305928665829
228,1,679.989622595921,1,0.447068270345479,0.0396320218487004,-0.0179382993100692,0.276745545132543
229,1,523.262567099482,1,-0.70030409633598,-0.435455650183827,-0.401843792226378,-0.372983047003158
230,1,418.667537796285,0,-0.0586465178520887,0.772399666568653,-0.225437101722651,-0.475096278971969
231,1,597.941836195184,1,-0.468412356002317,1.06332664522438,-0.0431311407597406,-0.889771594263985
232,0,206.98659605276,0,-0.432993824595212,0.916476683633834,0.12368676103798,-0.449486199642667
233,1,337.130255575728,1,-0.838072898668965,-3.46017488950285,-0.655584916605989,-1.32484464408396
234,0,396.707276209034,1,-0.12085674095347,-0.779994782728036,-0.0264669829219557,0.202770765335772
235,0,234.612289185738,0,0.0660204530796521,0.728277070423056,-0.49176668775276,1.33290364731278
236,1,487.471760237845,1,-0.910222078621431,-1.02658998759157,0.269614366086047,-0.881790838662497
237,0,360.096696041762,1,-1.54755783320994,0.725649597824344,2.06463735076743,-1.87876978993753
238,0,381.344358646501,1,-0.418611758691637,0.190252937910131,0.101433911885888,-0.777881226079968
239,1,449.508424273654,0,-0.195860213426966,1.00718135785107,-0.0642874673820979,0.556078304128022
240,0,203.515511890177,0,0.35246049966604,-0.466448439422282,-1.03850986153122,0.347210929871276
241,1,366.610974304571,0,-0.170788734322583,-0.0517814330725168,0.0468197641365615,-1.58349156104276
242,1,453.85794361706,0,0.159735741994084,0.253513623569608,0.128974088528502,0.585945150122266
243,1,705.444466245805,1,-0.919945557805485,1.76185348792268,2.30112416492089,-0.346758092423563
244,1,447.993262399701,0,0.486620719685807,-0.107854779859803,-0.668005297814875,0.840215100049811
245,0,233.086029078356,0,0.49575179710984,0.175666428395133,0.198499814108713,0.464216208970223
246,1,389.372282547362,0,0.0015496581593896,-1.08445617746392,-0.603060238783489,0.554898655216574
247,1,507.494304411914,0,1.38771387052661,0.239227127273371,-0.671868203733694,0.889737034703469
248,1,687.155687309858,1,0.150664310491673,0.152827260085387,-0.0719984829896763,0.967523237686816
249,1,422.723933255873,0,0.0135249438454088,0.5126016155499,0.26872271413657,-0.691500521382322
250,1,439.467329095853,0,0.017005228725409,-0.328593602385445,0.384546141784063,0.687950405952221
251,1,739.914373425803,1,0.183833876388402,1.22121018517036,0.518373763344356,0.612103111049213
252,1,824.459507710223,1,0.937056818481737,-0.0664191489960918,1.62478554230238,1.26888227619685
253,1,643.243529910212,1,0.199613263261382,0.0869647809395086,-0.279005067008199,0.119043362836844
254,0,239.300442727517,0,0.430610716801481,-0.0663414576373224,0.705151888334251,0.698178347178445
255,1,577.07939578213,1,-0.938228448642893,1.18282248632119,-0.109627526354497,-0.416553820013221
256,1,515.581884861289,1,-0.500497799179549,-0.839299999285054,-0.687153064211581,-0.250402653887377
257,0,261.018606907215,0,1.58902607503099,0.0691399385291322,0.431192322400033,0.0610408380588891
258,0,176.304574915341,0,-0.978401359587053,0.819729980218875,-0.834108394028926,-0.526478470291283
259,0,194.843337019815,0,0.00758498021560015,-1.00200060938942,0.0322072237043917,-0.262058065281806
260,0,423.207607474593,1,0.151205943040769,0.168216509911346,0.26396812938659,-0.664160441153021
261,1,497.262276313098,0,0.820907049653535,-0.300086111477368,0.30836265394857,1.16593607168185
262,1,687.982198091083,1,-0.485543260940484,1.5467400754598,0.0889028021761821,0.782043729558369
263,1,432.471490146829,0,-0.0837979909460608,0.599205764327962,-0.0478280128323864,0.15175497529861
264,1,244.539525564039,1,-1.19065976229072,-2.71878628009855,-3.55562102482754,-0.713003510043992
265,0,430.980418418481,1,0.0849885557518296,0.706300996108333,-0.409789298148814,-0.0985012465987907
266,0,359.071837249698,1,-0.689816791960738,0.265616910310353,-0.383929215746309,-0.670349462109703
267,0,395.83682582358,1,-0.406735267583571,-0.579709592723917,-0.160904169491407,0.61180058563224
268,1,437.873407283301,1,-0.962028045248557,-0.503101503634886,-1.13569006765746,-1.05653570928193
269,1,396.76224463487,0,0.13096336726826,-0.951070035186586,-0.880127268018623,0.744285121563222
270,0,429.023518219547,1,0.434513871732071,0.241899355655677,-0.835333486899094,0.0206443282160091
271,1,342.100157736308,0,-0.454418863203964,-1.7411653748293,-0.10225072866208,-0.104186192351946
272,1,588.918681886808,0,2.24773180317427,-0.0359522860860527,-1.52843130397886,3.19441897866335
273,1,476.701722321268,0,0.439116966465154,0.284355842556065,-0.338754409084978,1.21730914087436
274,1,540.106493624272,0,0.784511145980994,0.042975576894651,0.587676416644226,2.19749821489051
275,0,323.782050106089,0,2.73739646692854,0.181010640841675,-0.128391699597484,2.81144485542149
276,1,593.810185077769,1,-0.680614226029548,0.0613383730038526,0.446067281851508,-0.03610914183656
277,0,474.204562227379,1,0.604601785023923,1.31375355042616,-0.289072484057748,-0.270908549533943
278,0,267.020455803713,0,0.835481020654261,-0.430950232708308,1.78892878836766,1.06275509947193
279,0,445.424842390869,1,-0.225582010068563,1.42517626063025,-0.0740310594606666,-0.0129332605325648
280,0,373.406765589067,1,0.0659156819890724,-1.25459650631889,-0.202510724856069,-0.439645214626825
281,0,120.086257480233,0,-0.877946553091908,-1.45867850300317,-1.42947839016221,-1.89376036681378
282,1,597.52670279663,1,0.218357625382142,-0.639986270973523,0.219452950062971,-0.833083733608464
283,1,293.273455635341,0,-0.710054301021836,-1.87710632694907,-0.646715779639049,-0.692850497613322
284,0,243.413577889986,0,0.610891086741341,0.841811475731227,-0.786481360080541,1.22268982550278
285,1,393.116091849012,0,-0.772724307702764,1.3214514679113,1.2493479844606,-2.00910954603129
286,1,737.301682885314,1,0.0662508828048518,1.06539384465571,0.359119968706342,1.0565410053056
287,1,320.387181695691,0,-0.791920127154116,-0.786769561315571,0.56307876603351,-1.79367693449446
288,0,193.785208963633,0,-0.41195538765031,0.088677697620666,0.0875313906928766,-0.438795531353697
289,0,388.172532433776,1,-1.11459212762318,1.70433059767437,-0.388224793740553,-0.313318046388175
290,1,449.900445101484,0,-0.11065509288807,0.916216667467578,-0.266957890043114,0.6013965586965
291,0,254.989814149313,0,0.833939460028131,0.281095330895387,0.52412385745879,0.868094280908898
292,1,424.369006897539,0,-0.0615930040980097,0.132650727665728,0.175097260533108,0.0842583530969049
293,1,425.06695625646,1,-1.19167872469036,-1.83551822192462,0.134503157395769,-0.970125726998581
294,0,401.19283344771,1,-0.662190489689167,0.37183608299724,1.05202262548372,-0.731662174534822
295,1,530.965407555711,0,1.91362222825422,-0.0528237713015422,-0.950365092374806,1.14127530395564
296,0,273.233733701801,0,2.21649571624385,-0.169977300693632,-0.97834527177088,1.30646077523122
297,0,404.051578535401,1,-0.956190300916052,2.22337645283348,-1.163467522386,0.248347061241143
298,1,374.896417895011,0,-0.497885090500734,-0.76488557992268,-0.430518496184182,0.560556709996597
299,1,685.428911851641,1,0.0997831923860491,0.184970403692595,0.0390631566172179,0.94221423247738
300,0,222.151048843786,0,0.0660165510092878,0.400985617945468,-0.182727194171198,0.517338870250907
301,0,208.975035347309,0,-0.637304940755765,1.24409322391521,0.0186199918573399,-0.082587025227218
302,1,548.112708119164,1,-0.848288784508898,0.489459401375714,-0.661370839259605,-0.0893848237120093
303,0,454.173947463161,1,-0.362569831196464,1.98449848383386,-0.204356751425475,0.179982190712434
304,1,536.627903542669,0,0.867159662366205,0.2194432656875,1.8672864442172,0.403356665500502
305,0,413.455336394728,1,-0.200803089649903,-0.445600279237475,-0.0923014191797978,0.680154781735244
306,1,562.946397243341,1,-0.679366754278065,0.124305256845345,-0.298141652246132,-0.0994844431866957
307,0,383.889297930896,1,-0.589582411127683,0.770240769520548,-0.189941116492389,-0.716404090062881
308,1,694.639372652491,1,1.8355086672432,-0.671258075276587,-2.29374693660953,0.869731735795866
309,0,179.624561544781,0,-0.552106635005534,-0.107610330021546,0.0279499327943749,-0.976554587833657
310,0,421.614638553337,1,0.548866291986456,0.0243766852914783,-0.461943885837472,-0.559728620826711
311,1,723.783068857977,1,1.57993974465458,-0.0822361244589124,-1.54814850088,0.797503745884242
312,0,458.034942537498,1,0.190782654018743,0.0370694914485131,0.0438266966535794,0.92240015656761
313,1,378.546340234422,0,-0.535289752824205,-2.22074128518321,0.981672097915548,0.739434063026444
314,0,421.616429438689,1,-0.253271140445996,0.326010236230211,-0.105953972049235,0.37476421458188
315,1,560.641754299929,1,-0.581777391886738,0.00347120149443969,-0.743825377178344,0.233478710867106
316,0,264.141534743621,0,1.18297308443917,-0.205994861964569,1.58386062014162,0.304492774078007
317,1,287.841609692023,0,-0.339787504515638,-2.8415667294019,-0.195774200805986,-1.14849572031404
318,0,271.716868989479,0,1.71787502053891,-0.132927203284561,0.317626282787569,0.755239658811493
319,0,188.032079072474,0,-0.625887558045462,0.138982016378795,-0.151463946988215,-0.317450120080449
320,0,180.523644623992,0,-0.678222477637337,-0.0862327755088576,0.00721403233282425,-0.761301283538954
321,1,418.180056144127,0,-0.0976308507122654,-0.521757587147162,-0.169298512831226,0.820637286726548
322,1,635.344198073927,1,-0.200332157935192,0.293327113374683,-0.0595648699858927,0.274628785639413
323,1,324.748300231239,0,-0.589632146623359,-1.04810329803016,-0.422937655480752,-0.807225649541476
324,0,222.309571756685,0,-1.12538485596192,1.07079475959688,2.23268073786283,-0.128884906711888
325,0,206.162464475206,0,-0.195399190528644,0.750793794331104,-0.071744078770458,-0.482124663045241
326,0,379.396588163772,1,-0.719119958527053,1.18774123580386,0.175022813053639,-1.33623648990154
327,1,772.04218676195,1,0.968868296359849,0.373159073932264,0.261228775141717,0.926956115710366
328,0,187.705400790146,0,-0.847983782485751,-0.46915725383157,0.777123177565782,-0.392814160501391
329,1,493.716258946286,0,1.03197097414892,-0.0112754829732676,1.06227843296446,-0.429011191613455
330,0,418.406129702631,1,-0.679375610842983,1.50978082639345,0.258329591791368,-0.531798267016891
331,0,206.381375968724,0,0.0402711242712178,0.482084300010802,0.304932815112756,-1.04876835186718
332,0,470.979232658153,1,0.718904474879189,0.185287671064207,-0.49690616700824,0.728892880218442
333,0,395.894481935103,1,-0.598793743350985,1.48042695956255,-0.647856415217239,-0.537051129827164
334,1,415.857147684658,0,0.308506452953092,-0.422227783231277,-0.24307440531478,-0.0389001720808792
335,0,379.908614455982,1,-0.291739927503937,0.0243462510446514,-0.119470123299891,-0.826722846169638
336,1,573.76273518123,1,-0.937683868258926,1.81851700187448,-0.363512151769012,-0.919637397673143
337,1,543.960047574732,1,-0.429652409819422,-0.261536898092033,-0.0405025070803557,-0.931336009786122
338,1,661.114481160753,0,1.84554130480023,0.0411828822587993,2.68413174118186,2.3659010902328
339,0,400.271493792453,1,-0.388609873157827,-0.149838597689209,-0.10259915633335,0.30400979594242
340,1,643.929044686713,1,-0.776223789429336,1.58049326457187,-0.394293337337973,0.66468793276402
341,0,208.635024084487,0,-0.264610410815809,0.128390763927427,-0.0569934932244842,0.220437461462942
342,1,661.185407810285,1,0.0767149106502957,0.051916965153233,-0.193365576944442,0.781914539487077
343,1,889.525617476253,1,0.793429463657961,-0.349409012803173,2.28369915795591,2.78469674283343
344,1,451.766105952669,0,1.0574972072258,-0.186651950868329,-0.295210682042506,-0.417627593900807
345,0,167.75964137543,0,-0.135126109652634,-1.37583078067688,-0.050413602960411,-1.37400250103908
346,1,494.287677949101,0,1.08789510982436,0.179851574545954,0.319601591348223,0.0500829536823777
347,1,610.428962363228,1,-0.746384670740181,1.06793697179963,-0.192155415045872,0.141532302359088
348,0,143.913979680898,1,-1.36360390926902,-2.25308202918766,-2.64270624327042,-2.43647800099177
349,1,657.15033854752,1,-0.568376310607441,0.456293971905029,0.490381077817574,0.843891035096604
350,0,209.222658579696,0,-0.596948297044116,0.38027558101666,0.111591426589847,0.553168308898793
351,0,434.527954026254,1,-1.35625041737983,0.328226283302278,2.96575371608249,-0.0088627185410725
352,0,397.488005585361,1,0.317299931508865,0.0478900995123146,-0.432544771206006,-1.0459288365518
353,1,586.975397326027,1,-0.757357114415733,2.07217066745645,-0.430067812916295,-1.17669605100315
354,1,616.952403255952,1,-0.397452706767643,0.342004284477599,-0.247411928878292,0.388191859562962
355,1,443.552766780315,1,-1.12752446556314,2.1486526600571,-3.26072671167758,-1.17839228232007
356,0,240.390318345307,0,0.300965950547638,0.305129288332527,0.207330916539826,1.01622546455166
357,1,552.690156124035,0,2.38655833848314,0.117957276459045,-0.585154327975951,0.540685497336373
358,1,372.709333087017,0,-0.808895673763165,-0.703942234958765,0.842687146278428,-0.324482632031205
359,0,235.962946560895,0,-0.311100100198627,2.6236896556134,-0.108558612080902,-0.0203829189150524
360,0,324.178988867826,0,2.51086608356727,-0.0137705689708038,1.90927757638623,1.50124970030972
361,1,489.18204472921,0,0.764871759692933,-0.259145125834179,-0.44196269414731,1.60795643753976
362,1,891.577198417386,1,2.43334838377656,0.0908226836447773,0.448769307416368,0.977515974396588
363,1,421.349657338218,0,-0.224808645019691,0.378711886467525,-0.0656924501332733,0.211468789085274
364,0,195.108426924449,0,-0.341865482968006,0.718870944678483,-0.00505438606919825,-1.00454339430653
365,1,332.923426973421,0,-0.592960603287384,-1.055261413554,-0.440011493862739,-0.498449359582402
366,0,223.146108756765,0,1.5163396618448,-0.0487272632071117,-1.79467013331903,-0.19670376628036
367,0,331.353782350503,1,-1.005783333373,2.27709816515093,-2.17636405048184,-1.3438179585206
368,1,418.379088538546,0,0.0545495816606662,-0.377827060733531,-0.0483085127686074,0.241827146430255
369,0,203.938716198297,0,-0.258389575152229,-0.336421008129149,-0.0835958015884311,0.605582228121905
370,0,322.059994921089,0,3.22885337404151,0.107243729405458,0.174095442977752,1.41018875599931
371,1,558.86666844425,1,-0.654578044367885,-0.724471962283887,0.760233826127343,-0.417907965775384
372,0,374.406184722376,1,-1.09781410719317,1.71537379110204,-0.878829367606425,-0.336289318794728
373,1,403.01069987839,0,-0.0162241744884613,0.344831376609811,-0.09029725177857,-0.959361148462423
374,1,406.63103913598,0,-0.252984692683118,0.0843039136010243,-0.0250287736760263,-0.0742540611881646
375,1,441.367874479691,1,-0.787901497676162,-2.05203364065332,-0.369529225837078,-0.635577236967329
376,1,631.902450125589,1,-0.107246552875232,-0.299310330637211,-0.310352381069725,0.872016971856364
377,1,650.845957706888,1,-0.433585873937917,2.13498438216286,-0.463476603736299,-0.25811661068084
378,0,178.065238394507,0,-0.697029045135774,-0.350208786340135,0.553021059521524,-1.09266857572286
379,0,207.37718162306,0,0.250726313837809,0.455885949606945,-0.12418421576853,-0.982403505874766
380,1,495.126509851437,1,-0.473520343840263,-0.993934302395623,-0.636323285562123,-0.704711670565925
381,1,350.007133583283,0,-1.21481582236245,-2.5325844588617,2.99732159739923,-0.487902611790148
382,1,407.479645741786,1,-1.436622026382,1.22343631023558,-3.22720151382638,-0.517410653676535
383,1,651.918619946004,1,-0.6376922054094,1.71573425688305,-0.505003922275546,0.570121752647414
384,1,528.985325820113,0,1.54977434884015,-0.539917336996703,1.01805777383102,0.407472894817996
385,0,220.27730260433,0,0.641480245272837,0.471628316156319,-1.63565601148021,0.591271462456959
386,0,260.807476123345,0,1.16366315021508,0.139797706536936,-0.344528093463253,1.61133596583888
387,1,650.44185611556,1,0.82996099203598,-0.184158421924358,-1.27575495665427,0.35531834649575
388,0,219.467030680531,0,0.0627248431872242,1.36195301200751,-0.278280546491273,-0.454715540567705
389,0,272.345313536828,1,-1.0969472564859,-1.51915899292231,-0.677881752924115,-1.09915003903792
390,0,197.289369980382,0,-0.0412244411013238,-0.0973069225446587,-0.238496977838669,-0.547642358300668
391,1,571.472119526722,0,1.80379061257,0.207805677452437,1.82384011325262,-0.0722260520811647
392,0,199.896188851241,1,-1.5732806298242,-1.93372277502143,-0.223861242748178,-2.73360642078566
393,1,693.463994157465,1,-0.756000674652777,1.40067643172001,1.24035379911104,0.455577741082157
394,0,538.327137103409,1,0.997253307958854,-0.0525366850753608,0.909592744746738,1.37337347351372
395,1,462.928105950184,0,0.280617220358195,0.841481500802959,-0.367230332801175,0.562420433722164
396,1,440.555982527316,0,0.580867738445285,-0.0134324750528121,-0.816021838082256,0.410707945420715
397,0,429.645709481812,1,0.204715167480926,-0.526145354669984,0.479459574901767,-0.0444155716182678
398,1,423.013279912455,0,0.29152471706408,-0.91190615559466,0.103591208840388,0.268433551533764
399,0,186.966600339608,0,-0.208312489858051,-1.25822786909082,-0.0574314976224892,0.1538988657103
400,0,378.296121226301,1,-0.829202213249216,-0.196579624824073,-0.340263139380287,0.627848590929508
401,0,287.034189834198,1,-0.979707573115635,-2.86421656723766,0.814175563759815,-0.787474557202326
402,0,367.010230590887,1,-0.190275790545561,-1.4136512903107,-0.0638190311749717,-0.0718482341603039
403,1,673.53886648778,1,-0.535069288210293,2.18800626418673,0.00922040544882484,-0.037509093127636
404,0,386.165389017636,1,-0.820197377672838,-0.234015136173154,0.525147818956458,0.132851760466592
405,1,478.036632613973,0,0.163855329424688,0.995404304869183,-0.717810292759457,1.48711042394876
406,1,695.205932570061,1,-0.088435405984583,1.40566162380644,0.00711802700658815,0.413247479918282
407,0,492.059481786404,1,1.56539229825004,0.041464813545587,-0.951207313153856,0.471238535892788
408,0,319.468673381267,1,-0.931226778565269,0.00504193290365311,-1.3618467561236,-0.506426873152733
409,0,371.566955218331,1,-0.598184013153647,0.227267992146109,-0.542354739467938,-0.423154897529182
410,0,407.711835476284,1,-0.281385002256827,0.650985745678115,-0.0427124730201087,-0.5626173285477
411,1,494.730869091413,1,-1.05728273464645,1.18831223266387,-0.494848583844645,-1.86947614466952
412,0,339.742331089197,1,-0.44019394092237,-2.12331819157166,-0.316552813167931,0.365977101527003
413,1,580.416290389221,1,-0.714246026077868,0.0586278091882696,0.13367307333526,0.00457232032129302
414,0,225.26357856376,1,-1.31055946224369,1.01358115399911,-4.02972405647341,-1.47116473742959
415,1,546.095588200781,1,-0.439569991495346,-0.179073337789799,-0.218278724283882,-0.72540765622128
416,1,566.146667085552,1,-0.608548904826547,0.262768838678797,-0.0159151337854554,-0.59184190388196
417,1,489.850453140562,0,1.04147856912771,0.40136439419762,-0.00355099930950286,0.0684560007365873
418,0,176.74462921652,0,-0.652153533110334,-0.176214201954082,-0.0417637593286629,-0.838610654713631
419,1,737.75357378932,1,0.311866162701692,1.03338764822673,0.678544418983523,0.284735051149641
420,0,430.757704949036,1,-0.0980780311987001,0.388076558859831,0.109629195088905,0.116579565919672
421,1,406.373512512136,1,-0.984199888161175,-2.2832327721558,-0.225518665386782,-0.925961388487124
422,1,438.549923239035,0,0.120161549303844,-0.140826668426685,-0.121881793046956,0.657888868752413
423,1,553.69995676709,1,-0.306026023209031,0.551764393371438,-0.124855987408301,-1.64180277101731
424,0,229.549546673243,0,-0.0771202639651252,0.137732316148424,-0.159854325313493,1.67296722390543
425,0,232.41805781642,0,0.424662011160416,-0.864217565254077,-0.0281962703614462,1.82917862965574
426,0,187.218599240053,0,-0.123385004459388,-1.64012829661823,-0.0850075945392092,0.360185859121312
427,0,233.283001393601,0,1.78164961461212,-0.021365642327416,-1.93323110519597,0.0907663284127607
428,1,663.333410634291,1,-0.121990360698492,0.597851636565176,-0.127325707428454,0.613320381388131
429,1,313.309104024247,0,-0.991812704332565,-1.0169456468296,1.41337101064855,-2.36012237241773
430,1,516.245767679335,0,0.523160067731507,0.224941595907039,0.644302534186236,1.57849409036483
431,1,635.261552013648,1,-0.977951297394375,0.828369765778187,1.46379806969866,-0.233904398605774
432,0,341.544984115711,1,-1.24199889346075,1.56910241965332,0.162555069361733,-2.14626648204407
433,0,209.534333187699,0,-0.771899349332652,0.750634188877354,0.739415270596935,-0.100181598185396
434,1,552.027687261875,1,-0.735266110685115,0.307036731842432,-0.132616721728872,-0.612025757555517
435,1,329.68213426693,0,-0.65425556398117,-1.87169783795115,0.219879714734203,-0.338344936498373
436,1,667.269522489236,0,1.82137121237636,-0.156704108558572,4.60274842641926,0.979030383812531
437,1,552.704888252002,0,1.8750789010896,0.258391210175465,-0.572456940358674,1.37710043630405
438,0,503.622744425456,1,0.504309688197542,0.272011930844364,0.483416722511985,1.28240565381263
439,0,137.153382167539,0,-1.00054245589055,-1.29536415165122,-0.525269247831299,-1.41138493129319
440,0,358.032314507299,1,-0.201205230306258,0.291078303982538,-0.0491873976529691,-2.00703107581606
441,1,485.790346190903,0,0.236189883354513,-0.0660221890517255,0.435513571309291,1.54692766155698
442,1,592.067098556154,1,-0.330133561899165,1.24694958485001,0.000403958347581153,-1.47982791572021
443,0,212.498368299278,0,-0.0719999419794292,-0.0287054551002774,-0.250866141740636,0.416156801219689
444,1,323.084626881476,0,-0.843917941098215,-0.516039628462628,-0.647637862861633,-0.659298833073427
445,1,553.209261927747,1,-1.00655859341446,-0.37687383753002,1.18683469804351,-0.679169082524769
446,0,299.16495715671,0,1.47116709503732,-0.318462360864084,2.04923429423592,1.90563669758345
447,0,221.176869442394,0,0.0163699001002391,1.03477446068398,-0.34260585344287,0.162219131732647
448,1,635.115936103767,1,-0.526325411863323,0.183200905690597,1.02411589463898,-0.00291546562746028
449,0,194.145237045872,0,0.0719645238204526,-0.467063014947302,-0.390727565357123,-0.478045349458972
450,1,593.403071968467,0,2.76766475649139,0.083009836629423,-1.02787278867566,1.67684159425447
451,1,698.993061107514,1,0.108737174674765,0.650690845638554,0.634926910588473,0.16622432179816
452,0,568.945309063301,1,1.4772633485365,-0.152684736338574,1.15352676592547,1.52188156330867
453,1,601.241399383969,0,1.40451791443635,-0.114502998279657,2.33626442238271,1.55492115291186
454,1,580.286356334476,1,-0.525500615948479,-0.065610202462097,0.473303640533848,-0.564268350669572
455,1,644.336208970289,1,0.548096361047294,-1.175660770967,0.807759198567893,-0.388587310160789
456,1,544.378449072384,1,-0.680666368641114,0.188622348234572,0.329873813328405,-1.26708330489823
457,0,142.136236049144,0,-1.08381867647719,0.0639338980367673,-1.2012639653804,-1.57059340167537
458,1,612.370129841884,1,-0.968361011011113,-0.371946745831067,2.57222067534277,-0.701654220288598
459,1,524.631942005024,1,-0.339147312403683,-1.01265580494203,-0.205063949209688,-0.654334174500507
460,1,569.084296335414,0,2.19050093052885,0.279712355372431,-0.572435852539927,1.36962288922992
461,1,636.49955445687,1,-0.131390317073366,-0.400296331955671,-0.0833721827547749,0.902961182562095
462,0,329.189747049083,1,-0.767972343468113,0.172510046740421,-1.02465624556917,-0.909192426598802
463,0,481.404937898753,1,-0.0183219984101182,1.72669261210119,0.0172771099810661,0.611413478498636
464,1,443.573462179284,0,0.471076175764396,-0.363051910430261,0.00408117278880159,0.323064650137019
465,0,277.468052632464,1,-1.00984960497937,-0.969235761666567,-1.0272791755237,-1.15813821531808
466,0,187.400591833634,0,-0.899114579995742,0.2107075702869,0.903102446199591,-1.07065793400466
467,0,384.344197090997,1,-1.24916263043398,-0.460791553522857,2.90068224656248,-1.30725282820297
468,0,278.250276342311,1,-0.998668638478011,-0.710125003708979,-1.28040691237726,-1.22157865291888
469,0,358.606372693538,1,-0.813880743975358,0.53590266781135,-1.18961515891135,0.0862079863358322
470,0,194.022988656681,0,-0.445362004453289,0.242409272971916,-0.204576374511025,-0.258057181167537
471,1,529.358593565368,0,1.47506643810362,-0.389303238110097,-0.0751605235375925,1.49448042178963
472,0,523.385438820334,1,0.705881286555547,-0.742813236884073,1.26540321026557,1.83262418785113
473,0,446.925994663973,1,0.0216785811459286,0.477333058056202,-0.024911213626413,0.527545940699016
474,1,311.344083268029,0,-0.62902793462748,-0.988794761181699,-0.275402121352431,-1.45658377624385
475,1,352.534232199263,0,-0.253437753399544,-0.899702598335781,-0.0690580519509331,-0.937061343724043
476,1,471.348357737295,0,0.301061803277793,0.836299478792926,0.346374571396284,0.0853808982601966
477,0,409.425587321951,1,-0.589363057056623,0.0874548226300932,0.531463648986621,0.233582671262684
478,1,462.870774108606,0,0.93557484156572,-0.256504530827211,-0.524883576828597,0.497527823288016
479,0,491.383203084567,1,0.990062318818152,0.357345539013471,-0.274650035157261,0.541586980542982
480,0,456.267303328788,1,-0.95225631152494,1.83617462307855,2.00935510986272,-0.534987135382674
481,0,381.485169712488,1,-0.736540072525238,1.23403433135716,-0.602700099203551,-0.521741686554077
482,1,501.798713358559,0,1.15105062837083,-0.430134067333669,0.192952786614291,0.856701038999239
483,1,494.476870459045,1,-1.1640883400645,-0.944174287453518,1.19225510982548,-1.31687253821084
484,1,467.170545728918,0,0.166170861266844,0.231905276325712,0.0798774393576328,1.07849557033088
485,1,587.808473921095,1,-0.0154176283255555,-1.11336333976023,-0.0252411199206378,0.0728760802823955
486,0,390.515797232783,0,6.30856143724933,-0.0277287742608576,-1.93741886841488,2.6712811021758
487,1,435.760747706044,1,-1.45342967626325,-0.0247717834995897,-0.230539763722387,-1.52594382662558
488,1,568.114369778055,1,-0.788810399139519,-0.0843793892062827,0.580688646380751,-0.396048055255399
489,0,235.486720497616,0,0.443137031262508,0.139261767812279,0.294458840392873,0.668312644334478
490,0,485.638421704749,1,1.94842830470189,0.0533841192461569,-1.99051190219368,0.409230083392903
491,1,537.646337121995,0,0.64344205150891,0.495945733070292,0.0685178110651874,2.33615053463488
492,1,463.028358238365,1,-1.06566738863024,-0.0790381857201188,-1.14385208801478,-0.665101666160819
493,1,623.125404000387,0,3.19716277978431,-0.147495403810334,0.392958491589369,0.698441745841072
494,0,381.943949317626,1,-1.18860334191475,-0.190572551363424,1.38839882526209,-0.1250676408257
495,0,182.659546114786,0,-0.927207768217006,-0.291351667693832,1.20350631644076,-0.954650763635409
496,0,215.81602741686,0,-0.255816424901742,0.0373341923370637,0.0037777680748693,1.0083399976823
497,0,347.020937708576,0,3.16227264008919,0.266526261918292,0.9888547965711,2.39464887137625
498,1,448.146593622573,0,0.25656328344224,0.393428675906014,0.0265277371218108,0.122287873175451
499,0,245.222203747292,0,0.509439593492959,1.07415732570483,-0.0232539075620167,0.53280130690992
500,0,295.102918656016,0,2.05261595152894,0.310235385808805,1.1908327329617,0.643259727905048
501,0,217.814997501548,0,0.833040566714259,0.900761495143126,-1.25613298731129,-0.6817498019483
502,1,255.763282209629,0,-0.978775796003534,-1.9471507483253,-0.677324735840723,-1.44227240937712
503,1,422.294246240497,0,0.484909297514194,-0.43057048538606,-0.918895900792992,0.518275161819768
504,0,188.469294518971,0,-0.308484742366152,-0.54153392379654,-0.0345850989114443,-0.3587551507903
505,1,509.123295104238,0,2.16121443721563,-0.0824272823971646,-2.86999226140128,1.85224912912683
506,0,385.18087912956,1,-0.410256766377908,-0.389321277217043,0.327701998802214,-0.425519312359589
507,1,541.784587094087,1,-1.10471989673738,0.695511797014592,1.08869664328006,-1.79671187763778
508,0,201.509990275757,0,0.24117417640871,-0.883534429192615,0.0833858490376898,-0.292033688510827
509,0,191.020101851119,0,0.100651129186677,-0.401500984722301,0.0135494987235219,-1.3951859256088
510,0,408.28370445808,1,-0.235010398069475,-0.51853758517524,-0.0804339886985213,0.57893198329102
511,0,333.083116905514,1,-0.900027949390706,-0.512969963370199,-0.503929362236271,-0.42061062584549
512,0,331.901001014835,1,-0.787786982664026,-0.779141454527803,-0.425041449422603,-0.449581286141037
513,0,219.373073390236,0,-0.230901314733293,1.1176446904649,-0.0526573104908554,0.0413546802863294
514,1,715.304971014764,1,0.906259431629793,0.371227633310292,-1.11790944602685,1.01417763381636
515,0,189.85213521292,0,-0.496336482253669,0.25968445677347,0.150919159104914,-0.724584694076016
516,0,166.441118987099,0,-0.805352347553483,-1.84192756826484,1.59630071621639,-1.5062079714843
517,0,437.953377565474,1,-1.44800736046695,5.07671338994816,0.180155470416606,-1.78211183255603
518,1,445.170741710668,0,0.243733163602388,0.654077701170553,-0.175139358979258,-0.0379267455872383
519,0,462.126974951546,1,0.173978526458229,0.899287806751357,-0.274079631014566,0.60460551033262
520,1,770.98069165854,1,1.31017497671251,-0.742468282558312,0.175101738537251,1.44362178317375
521,0,460.069330305807,1,1.57131655056081,-0.0770512527911808,-1.82967264880633,0.16996946334343
522,1,592.713990216826,1,-0.334787374316402,0.759708174013064,0.203849463014224,-1.18619481001835
523,0,565.403062586711,1,1.29320865396752,0.153576517175945,0.691325424679878,1.89567457873723
524,1,596.403872174059,1,-0.219392857398715,0.561935020505718,-0.0656940808141737,-0.853554755368993
525,0,382.534590858678,1,-0.695643337103397,0.722761669268909,0.533730850182021,-1.26976836581906
526,1,527.79130940266,1,-0.792827411989792,-0.562515025993524,0.311227423101474,-0.620502065233792
527,1,357.731517939572,0,-0.484196529910047,-0.271250215423723,0.200867659178828,-1.19265447178376
528,1,416.315370234618,0,-0.0210100789655829,-0.758222928102175,0.21238652786446,0.394514263661504
529,0,418.227378291685,1,-0.243013078060571,1.01758871648401,-0.0917290510956681,-0.577580526847741
530,0,200.994905955503,0,-0.0455246728662969,-1.61487705585258,-0.0546803245428509,1.08600148619243
531,1,572.245184939617,1,-0.0472952799080027,-0.233363904037613,-0.104941652705872,-0.961425963797573
532,1,712.475628371808,1,0.49066976321058,0.492643015002575,-0.477172270713541,1.01983229029221
533,0,366.791576649874,1,-0.4318946674855,-0.217763633050217,-0.32351350924718,-0.505769657049594
534,0,309.272782594866,0,1.87460626856418,0.436853363444876,0.325147168506688,2.84204740615124
535,0,444.177584791226,1,0.184620317796258,0.609463609736139,0.0264797800435554,-0.0393068271282746
536,0,173.14262950429,0,-0.964662415669985,-1.22654106319668,1.88256337347442,-1.52892406007176
537,1,552.455320387566,1,-0.434397260336764,-0.0628719942097214,-0.296219791470324,-0.625281396696786
538,1,433.551412720407,0,0.266790096702669,0.00795828015005386,-0.360232418242558,0.369926343818535
539,1,573.800456432045,1,-0.528118237110911,0.298773581272326,-0.199360141655348,-0.474351690955151
540,1,403.147134843286,0,0.0912740148988008,-0.404278796099588,-0.0477946276737701,-0.262209026642851
541,1,434.28120052004,0,0.181224498197385,-0.447820720264066,0.512283336381821,0.204244638775193
542,0,284.395626673335,0,1.3010852817559,-0.10345913005471,1.84992975142761,1.0329049546408
543,0,334.068929677213,1,-0.680962324209011,1.10732260431321,-0.842253519057294,-2.06260141981762
544,0,201.360868867293,0,-0.234398474605169,1.04598452800329,-0.0630237322026483,-1.11954457334765
545,0,159.627380098383,0,-0.62968324061585,-0.711145261366074,-0.00164620023639666,-1.52358724115437
546,1,537.547210725571,1,-0.93388382641335,0.0771476974193845,-0.169030634484125,-0.252997791846822
547,1,368.430259246144,1,-1.21942735425225,-1.59621713770008,-0.889400162899158,-1.45159733862547
548,1,396.869674313696,0,-0.0504145186374009,-0.63168441046418,-0.0700671199838962,-0.0478712900664364
549,1,446.824776318817,0,0.360601080031633,-0.39960032586706,-0.798305619097048,1.49657542613492
550,1,394.61921158299,0,0.403046129451333,-0.839754095800361,-0.59564074590093,-0.369207321057533
551,0,170.364343962836,0,-1.04996133948847,-2.96713424001113,1.55939777594271,0.512144549612621
552,0,389.894793270307,1,-0.935082385651157,1.07163470258032,0.704586283369112,-0.978419266309168
553,1,448.996119369286,1,-0.940468259673327,0.567762804585989,-1.36123569097422,-1.7534984927294
554,0,321.686277361526,1,-0.702859965287766,-1.02217231994708,-0.00317054559235548,-1.11377794996927
555,1,653.458862687265,1,-0.0733956911876893,0.809339056490073,0.0470093519298396,-0.120018730624381
556,0,492.093957243235,1,0.352694153897377,1.18880455204505,-0.115502690552253,0.796116743268421
557,1,370.006521495234,1,-0.774710134040192,-3.263461559693,-0.778372807050022,-0.754556642172635
558,0,517.050706509426,1,-1.48097084747778,2.00909316942976,6.93486461983029,-2.4367427066142
559,1,462.53744818388,0,0.791426344060301,0.63048802507104,-0.484761343186127,-0.128395378666253
560,1,464.700949987211,0,0.375999032480911,0.0985268749834365,-0.115239349800626,0.908197664389509
561,1,506.412444513057,1,-0.709996198301254,-0.645482551718499,-0.316245614324747,-0.605587794846049
562,1,319.498091009944,0,-0.908345529752857,-1.51578420790847,0.179626884503489,-0.578850264710594
563,1,360.90268073216,0,-0.451128411317289,-0.933004548733254,-0.00376666864082432,-0.362072559924951
564,1,373.904213967695,0,-0.128510586507082,-0.556013217793121,0.0550450553413099,-0.97065004335052
565,1,684.738354661398,1,0.500871676171273,-1.27018623123108,0.386968641145061,1.23219695507946
566,0,507.487478351243,1,1.44172069354477,-0.237905470452337,-0.492208443454875,1.06639806497103
567,0,424.176909512243,1,-0.793199441769124,1.27590993995132,-0.0112011222350188,0.454553832365916
568,1,449.890066022867,0,0.0385974344091863,-0.59627538265977,0.133026416902221,1.46700412631286
569,1,731.510481342457,1,1.35023301713409,0.602424821013474,-1.87360098814877,1.04771888547744
570,1,327.885555338609,0,-0.821241294907279,-0.0657194770550621,-0.768575169855678,-0.82044116150744
571,0,170.298574468708,0,-0.395017440354037,0.113861961827214,-0.354429012436433,-1.84557790259889
572,0,366.779241582834,1,-1.19346989615269,0.750233810616351,1.02886688486939,-1.24099317897818
573,0,402.78576110358,1,0.0354397543676568,-0.743095035012343,-0.0493263270298205,0.061028616143723
574,0,197.742147917528,0,-0.674667371903128,-0.936078460151642,0.95700871099095,0.54509997923492
575,1,329.27099379959,0,-0.833616438456293,-0.559943539198925,0.0439278327214589,-1.0805776993496
576,0,437.841039594642,1,-0.75523025088132,2.24433129893156,-0.261213022247258,0.196168106287072
577,1,421.244744407235,0,0.191649463633882,0.307657994392804,-0.384085295493246,-0.228034986503561
578,1,450.779586378147,1,-1.3147395244976,-0.156420348268295,0.150066419471157,-1.72834130793652
579,0,362.124863025751,1,-0.537828068043572,-1.24680279100633,0.330471113815078,-0.135640596329006
580,0,363.395688077653,1,-0.878892500494525,-0.118446352985091,0.0269039999289786,-0.185534265637494
581,1,554.727605726102,1,-0.852823098353058,0.524353133285373,0.162435770062414,-0.805483261251698
582,1,458.943402507808,0,0.223041539903872,-0.25534630061303,0.16812310680313,1.10080112627941
583,1,448.380269540195,0,0.0979351767278544,-0.677016891424262,0.195817718420716,1.41641351494736
584,1,363.709949221308,0,-0.306759391207492,-0.920363333131595,-0.23420247963465,-0.280630722932436
585,1,432.065710703701,0,0.29009885593334,-0.149722611774276,0.390811233836099,-0.474077398028079
586,0,197.665486568218,0,-0.650950734745988,0.408244088605807,0.178315419307515,-0.508779587263694
587,1,575.249019531038,1,-1.27426532826388,1.58160014951641,0.3105750289029,-0.724547674817601
588,0,266.878408581745,0,1.07288366234766,-0.590954644632249,2.15006526991054,0.366226291698774
589,1,378.793042300272,0,-0.400879117809038,-0.824210355579176,0.206294050310919,-0.162926676521959
590,1,334.814158324196,0,-0.496771855589419,-2.23057012070453,-0.0224058274032155,0.124891364612371
591,1,421.960371028342,0,-0.0847903689476619,0.0936103152618703,0.310494099360558,-0.123360421567728
592,1,680.930131255561,1,0.552209935203743,0.41958016921086,-0.339289025023904,0.0284926558976961
593,1,423.82858194169,0,0.17269400991263,0.185350358652566,-0.540204528981759,0.116984809547886
594,0,263.084060513708,0,0.756234573645264,0.643101140990307,0.193908812734877,1.27077235291806
595,0,396.401373340976,1,-0.181839629191145,0.526132522738463,-0.120884000865222,-1.03054057055256
596,1,542.403436559641,1,-0.589525418156216,-0.675822134539653,0.666306517896154,-1.00316265870806
597,0,417.538272046403,1,-0.451454907884516,1.53457096382886,-0.00137494265499127,-0.761387860514355
598,1,633.811494189901,1,0.622400276109298,0.249795964053038,-0.950721820356794,-0.446398957031444
599,0,186.074725529961,0,-0.793408149836061,0.747363444102236,0.326548029211737,-1.09123579770171
600,1,510.759345052668,1,-0.84845912232076,-1.22852433279069,-1.13779385545389,1.20580634517963
601,1,417.526489825018,0,0.0605103796021808,-0.194376621932947,0.558686655259398,-0.680184772665426
602,0,389.660336776327,1,0.372835012868466,-0.792946460659424,-0.472851853776597,-0.632293923408516
603,0,158.289528158241,0,-1.16546293195087,-0.113082585333524,0.682867869433322,-1.88993223506588
604,0,483.42821564381,1,0.575105157366721,0.789518181539089,0.133731302730003,0.170884796714024
605,1,550.665798845992,1,-0.21057784677083,-0.419838815933687,-0.076532595473069,-0.982845925883143
606,0,410.118027918385,1,-0.363951841563146,0.0656275728846005,-0.0610491351082601,0.439228511484174
607,1,470.234863027387,0,1.00371152447255,0.359595641325161,-1.10548706301272,0.641572280025772
608,1,691.03034388152,1,1.59323091924661,-0.543810938234235,-1.14581127332698,-0.0720895008329851
609,0,140.865103596028,0,-0.943386209197277,-1.91897986579033,0.0706330017641909,-1.2846303516868
610,1,465.319541319496,0,0.86969334272757,-0.456629710903017,-0.150743724973963,0.510825567520181
611,1,552.918244987186,1,-0.669173487791781,0.362670875406338,-0.548025362688856,-0.411970784876259
612,0,219.179949433491,0,-0.107184427444367,0.0693737718431007,-0.116255081963634,0.816915667659121
613,1,699.075477663116,1,0.229656136107506,0.87936456106042,0.204646351574789,0.161852920538724
614,0,173.763806739983,0,-0.106462174690045,-1.06377841195079,-0.281873937975526,-1.03377378046357
615,0,155.823234384689,0,-1.07953071436039,-0.658207054035099,-0.433870249913857,-0.741558069499393
616,0,286.020068411137,1,-0.590886281381553,-2.42101027538162,-0.468156524778385,-0.75486039719175
617,0,267.814573383976,0,1.69937615646746,0.527743189149687,-0.150448943759047,0.272528098504965
618,1,693.887107942367,1,-0.0710540750025956,0.9147019884343,-0.0883774913934264,0.919679262751626
619,1,492.824932530876,1,-0.786103398019578,-0.825295535129036,0.268632363339097,-1.29445342209953
620,0,380.054491865696,1,-0.683489632249393,-0.307294011182382,-0.156664121348106,0.332816453106646
621,1,510.539711769952,0,0.933460984011843,-0.0641673364941787,0.833225536733631,0.616283842653971
622,1,741.813440605734,1,0.0923451448074072,1.37337403203798,0.257637989290279,0.9089621300529
623,1,364.692989620306,0,-0.819046636054905,0.0503580131677746,-0.266571742849498,-0.152451657699119
624,0,207.45864349715,0,-0.21528534676272,0.38005366328001,-0.0675158443099793,-0.171900089059341
625,1,534.71795213025,0,0.355133073804483,0.458648025965984,1.00788726633336,1.91869583206044
626,0,316.708833729434,0,2.04177552973535,0.192993183874097,1.76892760870263,1.68003025305594
627,0,152.524686769474,0,-0.810853980487734,-2.18179521948145,0.770418964833074,-1.08538098364561
628,1,598.912907348295,1,-0.506982450834201,0.811397123851853,-0.139822742069973,-0.447511474562588
629,0,430.763608586766,1,0.848433071674649,-0.460163365979668,-1.48267568892128,0.545540867783727
630,0,210.673211861985,0,-0.560134517435701,-0.0358521072972983,0.696548619662154,0.594727317746596
631,1,766.961227514165,1,1.56020378111385,-0.670644039892527,-1.13423012589607,2.04453251358845
632,0,524.448187068993,1,0.913414482633378,0.103077892825432,-0.0308490381076237,1.89801880631996
633,1,514.295978970621,1,-1.153981469105,-1.55886275036954,0.902099104912961,0.158351005899126
634,1,414.818615239861,0,0.17051373398539,-1.59133151707908,0.458358870816354,0.496794060214684
635,0,200.066749043097,1,-1.06192726455591,-2.48642738507881,-2.40551956694559,-0.945033893275168
636,1,388.506259452656,1,-1.08025870199041,-2.13053060223625,-1.24507774754007,-0.324981103266307
637,1,658.630396112261,1,-0.161137029107059,0.490321208763547,0.0221663293732178,0.474747019219883
638,0,431.138447878804,1,-0.172865688953384,0.278446042708286,-0.0169360645872297,0.482117201030178
639,1,416.962275775434,0,-0.247341294480335,0.642748572597141,-0.0990670971659829,-0.157358564795694
640,1,631.647835472983,0,1.23941878789361,-0.216281640345217,3.62479363721609,1.90030242964902
641,1,435.736829954711,0,0.0426855260946745,0.143237166065414,-0.260368190377765,0.608517199853108
642,0,423.202428225379,1,-0.69367975724833,0.503206043528847,0.76064637088611,0.23576059438811
643,0,208.559135768439,0,-0.118447432419415,-0.073830467251472,0.245414707206956,-0.0319663460709652
644,0,175.821245684422,0,-0.596014621671652,-1.27874085079142,0.22811989382786,-0.395342943549631
645,0,414.522385136132,1,-0.275924361416511,1.07781207969914,0.0219257639118969,-0.704742985904089
646,1,689.725906046028,1,-0.943671881993843,2.33784442311031,1.20419366744726,-0.236193343903246
647,1,424.573235938666,0,-0.313200526818655,1.97116125317841,-0.147602884827832,-0.978567694184575
648,1,607.873837952774,1,-0.133023149872224,0.781562216787975,-0.118223739152576,-0.890960930678312
649,1,587.983852678288,1,-0.710505090438357,-0.231076404276577,0.212912468208328,0.372743639261937
650,0,175.92812381559,0,-0.185989532100153,-0.115450545010023,-0.0767333290015166,-1.79600649506317
651,0,353.552505169621,1,-0.679211210526264,-0.370209614788738,-0.616974985586408,-0.0665826071822808
652,0,169.244925239314,0,-0.676358254612189,-0.3182020834519,-0.0281011738202667,-1.27762845952565
653,0,406.42320282684,1,-0.381382368450113,-0.0523516461399259,-0.236801646599974,0.58064533000242
654,1,407.332140762805,0,0.240122590187127,-1.38285831721038,-0.0237471993266003,0.535392226193901
655,0,192.333643675914,0,-0.382053594073365,0.0114254897181839,-0.290751613402667,-0.125085992306293
656,0,439.895806506375,1,-0.0548259525856093,0.196600598359248,0.0881989059836636,0.506489717390669
657,0,241.37429171443,0,0.813124306817848,-0.482301085329327,0.437886050292848,0.849998238452586
658,1,320.457924382162,0,-0.44059257855168,-1.85186206788229,-0.260801340557483,-0.602386441533303
659,0,371.579336726958,1,-0.304087907263684,-0.349488047396706,0.122226675096968,-0.906176643193969
660,0,384.576191584645,1,0.26183598403857,-2.1606275304021,-0.117646178448265,0.43127840217497
661,1,613.380503995851,1,-0.993652202921185,2.40460181834079,0.420075515853412,-1.22760061340316
662,0,221.844690764697,0,0.296943499647175,0.468277040475718,-0.839516011178709,0.80819037380106
663,1,319.055355487354,0,-0.609113866721387,-1.13715274615296,-0.157371345754348,-1.14551053525054
664,1,449.877762849379,1,-0.939012639358494,0.021160594790472,-0.7134819310761,-1.84983541592988
665,1,441.610391622359,1,-1.19228597842932,-0.260934358777304,-0.979479099256287,-0.936088889970761
666,1,518.97427883466,1,-0.718194648830636,-2.05825576449569,0.432821072001153,0.411878080564964
667,0,152.381413274188,0,-0.953963273840669,-1.23773158001562,-0.457960202636904,-0.656998007566285
668,0,365.061560703007,1,-0.957758526073911,1.36350547420097,-0.503205822143413,-1.03689007620042
669,0,316.124044484094,0,1.85952744996109,-0.350394895752098,3.43392206733726,1.14563132453377
670,0,183.667730046395,0,-0.97310699241403,-1.06913182612579,1.37302847457081,-0.0563278879927639
671,0,239.395609260918,0,0.850340976181861,-0.370631847485097,0.633539394874726,0.275191691376153
672,0,232.681953827921,0,0.298486752920868,0.831344049130387,-0.242722697867172,0.397630956140361
673,1,511.68204499205,1,-0.812472157831104,-0.249412700416559,-0.273567142167324,-0.677642511148801
674,1,612.760945346534,1,-0.656529520061679,0.663385528300022,0.638588413897333,-0.400154937833529
675,0,433.44539959538,1,-0.527541178354984,0.856170161406943,0.293898688170737,0.449525795321478
676,1,410.844099406433,0,-0.0550827321573021,-0.317546330113562,-0.344329798861095,0.417203172372283
677,1,530.485488989446,1,-0.485159470152736,-1.22141939059531,-0.0337173063913903,-0.178166786031599
678,0,442.832045998237,1,0.627317154223551,0.0955690522081255,0.104947439781758,-0.557830349307445
679,0,377.004258172445,1,-0.445913656421037,-0.379072133074312,0.00867711612084339,-0.275339728306073
680,0,437.640505720983,1,-1.3155469253873,2.3898745725605,1.95237822586843,-1.102892454945
681,1,584.542737269455,1,-0.298257674645514,-0.503047586147372,-0.12116333633924,0.117352146963793
682,1,367.849762920404,1,-1.22040763210286,-0.495727003532686,-1.53907354526609,-1.87438199035666
683,0,232.396391494377,0,0.770152677447245,0.354632594142426,-0.311621373141974,0.169649805892172
684,1,451.891921431398,1,-0.736981773558844,-0.831463106785567,-1.01851439871192,-1.0236809554815
685,1,366.324309807147,0,-0.928263302935643,-0.0249587321202221,1.48206927617149,-1.4453556574565
686,1,396.38098828835,0,-0.644439638556261,0.59017236011217,-0.461821676254535,0.205370137320343
687,0,472.627803942056,1,0.342405434411769,-0.267006036516718,0.401619404461044,1.06422909584225
688,0,322.170034840538,1,-1.24189232947421,-1.95061402901276,1.67271358628326,-0.784384470500957
689,0,209.550375417784,0,0.00358429962764302,0.252257613396356,0.0793217114915773,-0.276324895516895
690,1,482.199822247974,1,-0.857990622254267,-0.374895285423774,-0.683610894557155,-0.814354828072287
691,0,181.323838985978,0,-0.227514503666772,-1.87251038372385,-0.0741453716285449,0.276005497592053
692,0,243.379020940213,0,0.448958481332876,0.16746657238283,0.188550796102163,1.13159841641599
693,1,652.633279862595,1,0.325166959713687,0.0879217826366602,-0.535875791881885,0.351687926053963
694,0,493.751961798075,1,1.63435657013703,-0.56404600242814,-0.810209034145021,0.820072661807628
695,0,357.760449790734,1,-0.110079929823122,-0.45416224110897,-0.126005042427145,-1.49408934769764
696,1,504.51097380038,1,-0.710178286820503,-0.216125200812486,-0.718343709176496,-0.659242919194379
697,0,286.560742842019,0,2.98439965397831,-0.106863267185349,-1.20740320780184,0.964996808595961
698,1,629.546846933678,1,-0.453446084310703,0.586077467792717,0.285391374492786,0.0679072945916417
699,0,220.844280999719,0,0.603312633473948,-0.89739399618282,0.341792557326059,0.212003846006822
700,0,249.758665793262,0,0.761143798133349,-0.498118858268992,0.756671364959969,1.09809451023654
701,1,678.135850148594,1,0.202429913111103,-0.322419188143779,0.930312237363101,0.122811697147569
702,0,280.446343019883,0,1.50084832089339,0.516668108260863,1.14404736705202,0.405757204593711
703,0,175.665272110904,0,-0.384781378858307,-0.158240402482019,-0.0626836909263841,-1.59593194962908
704,0,278.069331632193,1,-0.981762048668172,-1.46015032841807,-0.254919453107943,-1.44356463858447
705,1,445.610515918336,0,-0.493674474910315,1.67352053000093,0.263116499489594,-0.00099439109010804
706,0,328.704711371267,1,-0.616851984181357,-0.270377729930341,-1.14424993884153,-0.731799047689199
707,1,659.768269853445,1,0.0746207488621367,0.426678501155248,-0.308009007947926,0.46096236073919
708,1,519.493833485285,1,-0.837967240870461,1.48652470676112,-0.177782327264321,-2.26162577249335
709,0,239.931612046317,0,0.451016055072748,0.254117425709926,0.461664337174453,0.554762877066009
710,0,222.169754076651,0,-0.951043881300554,1.82934786815122,1.90809698374329,-0.98538276299158
711,1,606.227712301117,0,2.10675770480481,-0.215181829924403,1.76386586565572,1.02946818653538
712,1,581.363718940152,0,1.54198954459647,0.560943483947904,0.378872704460779,1.85989906064918
713,1,332.064774734854,0,-0.553321186952095,-2.05415418251252,0.00122004883963057,-0.115850841602061
714,1,398.99750806695,0,-0.100354584751148,-0.837425540168441,-0.00103996887438101,0.195234352975791
715,0,204.243147164928,0,-0.502665042930477,-0.641356870615844,0.108220484494049,1.17126929208149
716,0,431.478107687842,1,-0.970523301494617,0.331247364387502,3.08875093517114,-1.00042322683455
717,0,237.185638519691,1,-1.43872885349423,-0.817029165521081,-1.59691839636371,-1.35090749935113
718,1,413.459038922496,0,-0.241127972552315,0.545036402454776,-0.0533636297126131,-0.295045628977987
719,0,200.68958829922,0,-0.248696972109726,0.394401841375647,-0.115340000498532,-0.43272886981459
720,0,543.37211469814,1,1.88777952777141,0.203222514263421,-1.30642390818333,1.83311431901954
721,0,339.962359469085,1,-1.26582662359001,2.40942287505638,-1.27199191078799,-1.46803704276635
722,0,297.182008756717,1,-0.687206880009729,-1.73607577049319,-0.417093825832284,-0.982818933073291
723,1,481.737017937123,0,0.694796970886528,0.525011952453509,-0.104368556825758,0.360740009010476
724,1,612.166657152422,1,0.088710226924513,-0.203510192751044,-0.435113352892562,0.0777282472530717
725,1,404.54914614276,0,-0.116542940944696,-0.696288363936636,-0.0422263165532112,0.398463310058976
726,1,499.711352837947,1,-0.66232849778525,-2.1338307326471,0.782064770505101,-0.457232604892845
727,0,198.481562611834,0,-0.0454629014341462,-0.705281929631388,-0.211724231523308,0.195684188250147
728,0,211.262661388721,0,-0.40471953177197,-0.308913265557428,0.103522310807102,1.14103166004083
729,1,336.319638769431,0,-0.123649516221925,-1.68940427118196,0.0745927310344204,-1.15277807171241
730,1,570.956716585023,1,-0.63604800670681,-0.425806222774713,0.895986349727678,-0.682874620635484
731,1,481.185150145121,0,1.12366518660865,0.219920620568492,-0.988449619970729,0.751136844326241
732,0,207.958930414839,0,0.936792891748244,-0.616638111418203,-1.3322212054402,-0.256312800208323
733,1,588.977165133357,0,1.35440155411015,-0.00186188501431424,0.469401904238805,3.01600108897124
734,0,327.338895613685,1,-0.49820618257363,-1.46685025978893,-0.241639362808034,-0.651715107734781
735,0,390.795668310202,1,-0.454221776265605,-0.0549153835184489,-0.563120899426923,0.485559729589752
736,0,203.426591123106,0,-0.486518514555963,0.969269802660185,0.191862217813868,-0.646674219291815
737,1,554.184741277778,0,1.41536350790897,-0.812771314861593,2.50088001631814,0.398115114465605
738,1,646.352152221764,1,-0.450935486597182,2.44580544987952,-0.209745891363162,-0.924425507886388
739,1,363.339774595887,0,-0.137638021099539,-1.02539404450894,-0.0436804119786061,-0.695209346865103
740,0,410.020348059274,1,0.127205831722033,0.704645825097142,0.233445941953536,-1.55709789013212
741,0,491.514119659975,1,0.447994415551426,1.29228101288009,-0.683749998025644,1.03634729730176
742,0,176.22862870676,0,-0.427910700773178,-0.987180974655498,-0.00886548508712029,-0.517712098944159
743,1,620.906896756816,0,3.47485898935994,-0.108976250346099,-1.42166528629244,1.86257945252441
744,0,340.310382340603,1,-0.834948770042874,1.35160001812882,-1.75813612621996,-0.873496892673259
745,1,334.500703863241,0,-1.06493284729833,-1.21705486163872,1.12998945876404,-0.870131743910491
746,0,365.337273006237,1,-0.185083204623355,-0.864854307145059,-0.0609414967247199,-0.635175529047
747,0,301.46638299922,0,2.13071628555815,0.425786356928135,0.843737657720467,1.09736018421928
748,0,456.601711725756,1,-0.176225025094655,1.58764436169268,-0.178140618817702,0.345777679919946
749,1,415.305199588879,0,-0.127094693923765,-0.198094496850861,0.00370272280962684,0.362878724106324
750,1,464.823682574807,0,0.673244421081489,1.24942484264377,-1.49473013407707,0.547448528356497
751,1,419.448257976671,0,-0.300431170843346,1.84428805945399,-0.103638446131232,-1.20590018451716
752,1,629.696741275686,1,-0.132360412897859,-0.0600646306491076,-0.240668141964712,0.477616574187532
753,0,243.883518900011,0,1.15369494722167,-0.345547912652556,-0.802704295197152,1.32961975393109
754,0,430.752154316817,1,-0.141015831772462,-0.592386919457142,-0.0561181021302718,1.29062753933948
755,1,396.12107105236,0,-0.739548248978883,1.75928658986801,0.460920309895327,-1.64914742388881
756,1,435.174532591424,0,0.141014032309902,0.401325997576858,-0.516987189564356,0.468261097484066
757,0,320.904085815699,1,-0.916951182090571,0.88776690556909,-1.79597232167882,-0.865977961024161
758,0,345.077844622657,1,-1.07770701235979,-0.0190517338546854,-0.36267645002563,-0.187019578248056
759,0,200.83497600413,0,-0.319026412723275,0.179165384596494,-0.297706227933638,0.00528813455019937
760,0,327.039234640877,1,-0.921454110909031,-0.676829688343014,0.689958673918124,-1.58856682386278
761,0,224.087186262954,0,0.337631738005445,0.751850628782452,-0.336006555711406,-0.116099772755875
762,1,587.298107602778,1,-0.337783957738113,-0.323059778081227,-0.336753885963923,0.258702091400661
763,1,623.402258030289,1,-0.747556247838991,2.51070684851416,-0.104289499431005,-1.14608222727408
764,1,510.592533203742,0,1.8513291136701,0.178538302309543,-0.115441533796738,-0.481421573264019
765,1,458.330995380116,0,-0.309049516166746,0.962454317856608,-0.191426268662752,1.25566319054711
766,1,527.37143498607,0,1.49457952836331,0.529601047189644,-0.893396992956543,1.26646004586648
767,1,623.113502993717,1,-0.311774699513098,-0.0457991283685382,0.0829594566669839,0.447985810597877
768,0,158.81759995361,0,-0.471848981659752,-1.89788148763568,-0.178860989169147,-0.791442315174965
769,0,204.419267976326,0,0.119479856955107,-0.458885631058822,-0.226614127378988,-0.00182947393888498
770,1,449.804914571553,0,0.894843450944488,0.288179104730819,-0.20675266016065,-0.778442814537252
771,1,805.288725433041,0,4.5296061704671,0.139155683350331,1.43350646898397,3.38607522988443
772,0,418.448262935311,1,-0.889423976202263,0.283707298708488,1.7040348460462,-0.236201014621263
773,1,610.290593313167,1,-0.365595391757984,0.845474760244204,0.220051965826985,-0.821310056356913
774,1,545.645813864811,0,0.961991613454636,0.442110317737629,1.2661000946185,0.930046626648404
775,0,232.535909085879,0,0.0879565670807352,0.788505813335566,-0.0593261001020633,0.627626806799954
776,1,391.106170226019,0,-0.368548934358624,0.75454675539325,-0.247534116951457,-0.843170451185386
777,1,319.093722574848,0,-1.01316094662199,-0.277900673563964,0.132552328188481,-1.54602660683493
778,0,426.860475552605,1,-0.435844616811747,1.07686159797714,-0.210088716547147,0.20130968736099
779,1,578.041653119974,1,-0.36659523952357,-0.508334339409997,-0.145079057936622,0.148786650239116
780,1,638.469379389111,1,-0.286822953957094,0.334902009644317,-0.00046451567650699,0.485881676762754
781,1,901.154253881067,1,1.83152108111477,-0.156372252401251,2.11599632765067,0.959074281289803
782,1,558.582079946803,1,-0.561988427114454,0.541195267836424,-0.439948086800069,-0.681686944905944
783,1,536.39422786419,1,-1.12337456200281,0.766447734508175,-0.322077380518528,-0.440816019326288
784,0,449.124692797117,1,0.246048784840283,-0.0737565165057636,-0.0735171097006425,0.673840260034538
785,1,602.500787840801,1,-0.310626431016138,0.0266189743984442,-0.312016603341639,0.272743619753405
786,1,373.640535180853,0,-0.38131327926434,0.441138370228106,0.270192889515815,-1.6326724755023
787,0,189.161151731061,0,0.398958228361322,-0.72304482893332,-0.65275720212046,-0.852597128068867
788,1,348.62645148309,1,-1.48925123693555,1.7867775265428,-3.44968716744408,-2.21810451371448
789,0,382.766591263081,1,-0.62090425948055,0.315679867154598,0.0284136513368605,-0.549596387463514
790,0,214.453835114782,0,-0.342779613471169,0.545153739344707,0.197977436734546,0.504673841013999
791,0,443.638031155665,1,0.364771670090547,-0.110457894066911,-0.284197609637693,0.546479482145188
792,0,158.14423624948,0,-0.423074398273652,-1.95905087311849,-0.222705641966626,-0.674173296717238
793,1,497.632531204287,1,-0.874604478188432,1.01139409630433,-1.11369079750992,-1.39296563151406
794,1,482.706689790025,0,0.118587038704131,-0.195887187407718,0.118441904572413,2.02908324908793
795,0,216.976970241,0,-0.204301760347943,0.565181158645024,-0.0757955281053003,0.632971187038029
796,1,700.239393840182,1,-0.126392410317516,1.78612548826554,-0.227756108153842,0.378877773596247
797,1,563.543915901434,0,1.07605458286582,-0.510543235707327,1.99409477673762,1.56781532618356
798,1,622.028497790618,1,-0.613703739182666,1.57946942422005,-0.0498174356135199,-0.508038034598854
799,1,324.292198350872,0,-0.989688181912523,-0.527331732939084,0.693720960032943,-1.58243955599033
800,1,342.429714680234,0,-1.00324360847686,-0.084235163556294,0.622700447055245,-1.3728255231167
801,1,288.274763220796,0,-0.883974256567513,-0.72293968061143,-0.91800853511945,-1.43208128929281
802,0,213.238491862369,0,-1.04899293511724,-0.73648273760507,2.11444281471223,0.841381018838914
803,1,352.247689726553,0,-0.260736050043129,-1.08784380780858,-0.0480663047591883,-0.86516392935281
804,0,317.36146477414,0,2.21886074232667,0.0327517052201623,2.49198437489711,0.749353206293084
805,1,421.757358980825,0,-0.300854147452849,0.458211969875514,-0.118264248128635,0.215069627532017
806,1,700.511311323766,1,0.565976304887145,-0.10844788085845,0.289445541247659,0.312206029851842
807,0,123.803802706249,0,-0.922249775886283,-2.24443034182076,-0.276351814335155,-1.8720755327847
808,0,194.591918711254,0,-0.394188658674788,-0.412831337667407,0.091232029989213,-0.0190408162866451
809,0,432.063625145388,1,0.321277614858744,0.276004645477724,-0.125625043270884,-0.357802174739035
810,1,347.305983892015,0,-0.489766800894453,-0.782167224538788,0.232023484989279,-1.15610260172351
811,0,226.274077649902,0,0.575796542552918,-0.341187195061963,0.58086243757467,-0.26574556078708
812,1,467.434262286014,0,0.466470508347195,-0.719373749362297,0.21155132553664,1.39190830327889
813,0,392.406512263439,1,-0.66957222382556,0.713176990919218,0.22991992612238,-0.581482557989109
814,0,326.69395157574,1,-0.750726063848327,-0.844309667230319,-0.878739158311051,-0.209249779091169
815,1,779.918195367678,0,3.50666384911581,0.505606728361586,4.20823849731809,1.29244928474539
816,1,621.622079845506,1,-0.372468505193497,1.02491436651047,-0.252713202508791,-0.224091145092122
817,0,396.885487300275,1,-0.214991204385832,-0.15271948054539,-0.0581601466400474,-0.164457492255377
818,1,439.663907760386,0,-0.265031915147198,0.00229152242272039,-0.0382305646682935,1.31429309364661
819,0,196.405650765606,0,-0.630003866192597,-0.845375586572991,-0.631436010665135,1.79312967641887
820,0,408.929517581088,1,-0.834678632990452,0.372143542738823,1.1018654611868,-0.252428023426769
821,0,295.024857254596,1,-0.937928954890907,0.0101758308071209,-1.10542622912419,-1.5467174989653
822,1,478.947997818298,0,0.738781748677918,-0.913932496464956,1.30797250929785,0.319229480217699
823,0,134.176824337259,0,-0.865003993198352,-2.47880410090162,-0.423835608067816,-0.723506328308642
824,1,468.893957317113,0,0.435560826878586,0.376345868714919,-0.124172804711311,0.673850007043593
825,0,233.35646956554,0,1.46920893456077,-0.842080102820376,-0.760848799986739,0.302112958411508
826,0,234.218653853656,0,1.07783916639719,-0.1678635689505,-1.4003938399415,1.15429594390689
827,1,680.895286879604,1,-0.331467163048703,1.63375187943777,-0.0341793271713243,0.267835729393012
828,1,317.376834382718,0,-0.611872406108571,-1.93920338627015,0.0196334774607071,-0.628448755525853
829,1,501.055713808868,1,-0.910874681335412,0.406085574291175,-1.20934765662973,-0.496312622661572
830,0,205.143488456528,0,-0.235778210178637,1.46266097958459,-0.0448667078778141,-1.2940509422119
831,1,407.552869544968,0,-0.402296902619278,0.527308996100328,-0.0391140668744658,-0.139605672829871
832,1,686.395546120659,1,-0.0858868342838931,1.09446988905159,-0.128349231060766,0.58355744772429
833,1,505.177142592401,1,-0.652117314924553,-1.15495356783897,0.136418994044084,-0.779069452085698
834,0,230.108559849185,0,0.391537904845828,0.405989848324006,0.34973681791101,-0.0480770305100002
835,0,230.099947027851,0,0.490161155786232,0.111095860687302,-0.037926514934555,0.296802020810267
836,1,546.356447790809,0,0.959317413726997,0.633842982096991,0.04045726198472,2.13403742050991
837,0,336.965192056904,0,3.22353066782356,0.437962155435372,1.01038457394928,1.36292365544448
838,1,411.5611106646,0,-0.0482571935257507,0.0954077806768707,-0.359336129885317,0.0236079770198441
839,0,384.318859819194,1,-0.634569343744029,1.29480803314295,-0.00385730303726973,-1.31498762795033
840,0,206.852138482809,0,-0.283276963302286,-0.386115369087581,-0.073253637876874,0.620002275400106
841,1,468.849078441545,1,-1.14265260390495,-0.554133378837098,0.403437191275975,-1.44650969404466
842,1,433.335430758375,0,-0.10933991233878,-0.477188412148222,0.037737624926733,1.1918354601824
843,1,499.811731627221,1,-0.537936642725614,-1.51274202220286,0.555066835983357,-1.11420601019447
844,0,210.057146514773,0,0.152229061809081,0.0541428324246151,-1.08849540303663,0.60867687394345
845,1,550.86474912158,1,-0.428733860344749,-0.040799662813175,0.257159749395902,-1.30059351613556
846,1,557.161932187275,1,-1.04623062642701,1.06506471037575,-0.666812506276449,-0.016044309544781
847,0,410.589667769189,1,-0.189912856442354,-0.194767900766207,-0.00175421528872745,0.203530870982602
848,0,134.1936884551,0,-1.03463619489521,-1.34328765139162,-1.84100390141666,-0.247660309280122
849,1,454.323556804094,0,0.716703916551,-0.0686882301384,-1.1968007843058,1.08197433200443
850,0,478.430974941032,1,-1.21295402673745,2.92755810206625,1.58543428877359,-0.0190786294864514
851,1,441.987056160188,0,-0.333878241830401,0.445349080751911,-0.211707483850677,1.2953927180677
852,0,419.619521355582,1,0.205633417133742,0.196574944589657,-0.0669970700734662,-0.547409674078707
853,1,367.939614698098,0,-1.10182479194549,1.60021046308254,-0.703163472912198,-0.629911457566095
854,1,833.737651290319,1,1.45661950818742,0.654984727267291,0.993215609824466,0.41093625955007
855,1,583.275642904413,1,-0.812764733250241,2.236053127383,-0.928518350798521,-0.788454021472352
856,1,474.849599269146,1,-0.590840330974246,-0.496987442148682,-0.825880483544233,-1.2644244167635
857,0,413.651212251723,1,-0.0795744742809903,-0.0672189927236474,-0.0434705843083586,0.113908900242718
858,1,347.246393568672,0,-0.477360005387942,-0.391294154448464,-0.073870690075397,-1.20126002992274
859,0,392.960804248198,1,-0.889920124233142,-0.273880540277187,2.23681633351506,-1.20420310640273
860,1,679.652924617987,1,0.155605632261866,0.332496637522187,0.252130912596276,0.250357151215055
861,0,345.600664706609,1,-0.602290247043016,-0.556584211862583,0.0049685393302803,-0.893828470798104
862,0,401.260280327055,1,0.256759295442633,-0.809124341450265,-0.720813748204121,0.331417885457475
863,1,387.764482896001,0,-0.589806707053928,-0.275086685568127,-0.123397143125934,0.316373090811865
864,0,387.158340387725,1,-0.85032836131191,1.93414146615659,-0.467796571376585,-1.01040312673633
865,0,230.340570313254,0,-0.297008554105603,1.79130166278265,0.0579862962694638,0.174069421373831
866,1,431.256328753691,0,0.414793881963454,-0.255437447989539,-0.392634803454561,0.22005108731763
867,1,446.922106081623,0,-0.00718981103997653,0.671349532097694,-0.0310492447085234,0.318424135145191
868,0,405.191045328967,1,-0.268563395922264,-0.122718988096497,0.0033173068301819,0.102716252315448
869,1,477.436985452295,1,-1.25109980662255,-0.196368527743731,-0.117052545629024,-0.90540802825458
870,0,266.275484490871,0,1.54507818660298,-0.236251457602195,0.0328394701807409,1.24361611093711
871,0,165.459208362315,0,-0.253220864951758,-1.48618148388998,-0.125200794319499,-1.15972007775124
872,0,370.600463242651,1,-0.801354362644227,2.34058066566839,-1.08415604243879,-1.49802514349236
873,1,444.080489237739,0,-0.379326388143187,0.813854938480594,0.0829772375569682,0.683736217778592
874,1,380.931618647858,0,0.0105896411745028,-1.43957958980621,0.387552362444142,-0.373052318413614
875,1,439.152922400736,1,-1.10133429134693,-0.526153990373747,-1.00822407856737,-0.889681052003634
876,0,224.359234652185,0,0.493878435322155,0.941203997347118,-1.19049251998816,0.40381297832953
877,0,420.874725130552,1,-0.00296915529471048,0.086234551717394,-0.302837466426376,0.241279144276232
878,0,523.27300507234,1,1.14504458522416,0.0820957711803574,-0.959603437276149,2.36077600078886
879,1,466.014626193068,0,0.834747095103269,0.425986046092229,-0.214420680181629,-0.312127093431996
880,1,436.447411604531,0,-0.610998800922998,1.15453950592152,0.227500828935571,0.523911329747003
881,0,421.204623780967,1,-0.580483936303992,0.718576113385585,0.537783884632992,-0.100279803092382
882,0,204.881280802155,0,-0.869773165705939,0.559745256107326,1.24711430045905,-0.605941828849744
883,0,399.663242549061,1,-0.494434306911053,1.60513749004295,-0.514036239107644,-0.772519016284957
884,1,522.771400584483,0,0.778825893165751,0.883777023764172,0.09556755478558,1.35641727356089
885,0,295.22020182851,0,2.18063969788231,0.0602065724821924,0.185995699229494,1.61995854489321
886,1,477.703974027295,0,0.757740856024937,-0.108833527348983,-0.108219096191258,0.773026361913306
887,1,400.65941736524,1,-1.21314571575492,0.0193240101339672,-1.2917517833066,-1.90890247906872
888,0,253.252396821902,0,0.621103903511645,0.197166214607511,0.376258855173631,1.24802051469412
889,0,241.557956768401,0,0.903698654394932,-0.327625721234847,0.298190200536195,0.46740225148861
890,0,498.100130648056,1,0.378405154788907,0.41540605355535,1.55310742724642,0.136390294484851
891,1,342.441175683432,0,-0.796469481009751,-1.67024261292902,0.340557504278305,0.178792509539802
892,1,559.738608936017,0,0.943234325550182,1.05396842684103,0.856753941748561,1.23535868724674
893,1,433.678362115711,0,0.508348814381602,-1.49153957706779,0.908803960611462,0.0732305383204668
894,0,236.733116750855,0,0.429985570190661,0.108537750628463,0.10768593784379,0.846473868442719
895,1,378.277822679807,0,-0.507982601721037,-0.0646214799087663,0.432832490928146,-0.885161145464487
896,1,726.466577105439,1,0.65127156054731,0.3035178068404,-0.399689117251491,1.14846338604883
897,0,193.507562178659,0,-0.125461982857197,-0.35779722511188,-0.00652494984551256,-0.516998137505406
898,1,647.502958050296,1,-0.275651210139976,2.29283272191938,-0.0289056920395412,-1.30069326887111
899,1,580.355936172349,0,1.60662029576389,-0.0490883959563521,0.236248745651562,2.39774649093161
900,1,445.032382069789,0,0.541657806487289,0.0137901566405073,-0.440625698647321,0.229511113342514
901,0,311.573896903,1,-1.48288309683898,1.96447022393388,-1.43708434070292,-1.50976616933836
902,1,365.465767344362,0,-0.53851828243032,0.779460297380501,-0.603639620459662,-1.09268786017171
903,1,546.498805344672,1,-1.08924906893688,0.272439586318548,1.02810208331802,-1.13805921518087
904,1,440.412948699612,0,0.346359463123099,-0.111759308168285,-0.701061983109155,0.875085533603095
905,1,598.560174634656,1,-0.549216364974539,-0.263641959891085,0.223671007429063,0.366914798914399
906,1,463.611184813616,0,0.722283241950791,-0.722398979523313,-0.161419159363178,1.11859380646493
907,1,681.635193685705,1,0.215909041721803,0.447927074661343,-0.385002655955137,0.726535615783422
908,0,413.439636516786,1,-0.202131545500267,0.408335207603631,-0.0918842028129266,-0.182854645469017
909,0,189.127477996941,0,-0.289467634191133,-1.00476620079159,-0.207226823062816,0.175368835290031
910,0,197.290457614071,0,-0.494133157519116,-0.20378151090213,0.126994472705444,0.242146517367896
911,1,641.897998010943,1,-0.0467795603260001,1.07017914222355,0.12147460586563,-0.816765962635508
912,0,421.315919831049,1,-0.924945169639579,1.76845773144723,1.03062028696284,-0.925317311658801
913,0,206.222675752493,0,0.441705635767918,-0.761752456663458,-0.331461803093606,-0.0558075612186557
914,1,376.06038207911,0,-0.516648783369789,0.884398664797374,-0.220738971494029,-1.22348772127697
915,0,394.278606793019,1,-0.734861146065333,0.158728712780533,0.0609544433051365,0.280362503270892
916,0,409.302868669502,1,-0.469622813900288,0.416613701792914,-0.313151869713314,0.545566326558452
917,0,299.93257091329,0,2.35141074023354,-0.214172153626773,0.910580456729834,1.13130985863392
918,1,293.331969954056,0,-1.1888553397536,-0.326114557938585,-0.265812128142951,-1.65542157996882
919,1,345.357377266064,0,-0.485532254785347,-2.22829263739082,0.0231405999319723,0.481004658175242
920,1,390.622905213397,0,-0.129836136159604,-0.645972672869703,-0.201321943249931,0.0716583938191427
921,0,363.733978450293,1,-0.610820484484678,-0.357360275314599,0.365003274605674,-0.91878381021004
922,1,639.502301889428,1,-0.528262358750305,1.44720688635527,0.418986238589958,-0.633114225679285
923,1,552.251532006418,1,0.128368560068601,-0.792686580490377,-0.126681371879517,-1.20306482692096
924,0,419.722920316268,1,-0.0256106568630424,0.247664050361614,-0.0625517062373168,-0.122061828920333
925,0,403.671724135843,1,-0.694074529487303,0.110023524140254,-0.474094915976029,1.12849914202972
926,0,200.484597722479,0,0.322748287869399,-0.910780904440555,-0.378493300572496,0.140256479053167
927,1,403.18901328767,0,-0.0650051069379519,0.237461698215337,-0.211713579919129,-0.505365633097566
928,1,499.229385317915,0,0.45746129634294,0.977204494350368,-0.0447073003940377,1.10024850253267
929,1,586.354495726373,1,-1.02363021157125,1.37175283059617,0.311699688419553,-0.686659666020075
930,0,411.806519610972,1,-0.748448696697029,1.42686296156882,-0.0259772130312069,-0.274788466723808
931,1,362.497161426142,0,-0.372583679783315,-0.21621583404371,-0.523335848860831,-0.567545587008576
932,0,259.63314412057,0,0.798408739832551,0.489968802565856,0.998337438477535,0.42044329329873
933,0,157.023602283845,0,-0.605349425221684,-2.75431826370746,0.295715108251404,-0.0514299940633072
934,0,260.192644592414,1,-0.888407438225887,-1.70638646335399,-0.873686335414761,-1.44710176799394
935,1,459.420449744318,0,0.559279233141495,-0.102041438451865,-0.582706919070669,1.02170857290242
936,1,430.780528973309,0,0.213324905142157,0.0772739104656842,-0.796167960826612,0.636079258183359
937,1,458.843998354745,1,-0.979194517582407,0.737778842940796,-1.43565330738849,-1.49048302846493
938,1,623.903185614377,0,2.7311127193384,0.152401442201172,0.228134207581817,1.69925226151833
939,0,257.317959258717,0,1.62683898842603,-0.155078030361581,0.018151827359394,0.430218702711803
940,0,343.087711980574,1,-1.04952994545087,-0.711715607378729,0.955943668974301,-0.94018035082209
941,0,354.841517319384,0,2.98359586309957,-0.0670745626986161,3.02159090205326,1.74919371592518
942,0,138.444267369154,0,-1.17885458174128,-0.880857223723473,-0.380351631667329,-1.60088349074413
943,0,390.109192096997,1,-0.133802176159358,-0.109247587794745,0.0651199390374345,-0.682125613249521
944,1,534.519897345355,1,-0.940526720981233,1.22795501742401,-0.441585144881233,-1.24162418966221
945,0,380.950656042134,1,-0.504970100664936,0.507412544146791,-0.268021171189068,-0.588517449710419
946,1,563.007520214878,1,-0.485477446411122,-0.475610469975865,0.234534661820871,-0.453050186699704
947,0,201.912876114163,0,0.0696413966957982,-0.536881367920763,0.0120169222437485,-0.197275465311537
948,1,364.978119448773,0,-0.932566588573437,-0.145558331767821,1.18726105732484,-1.25866171016875
949,1,561.041756045321,0,-1.45917823283003,-0.361096764787319,9.72304039311154,-1.38009137209534
950,0,203.107127660663,0,-0.297937537619729,1.1794507505085,-0.15144750800237,-0.941308336944737
951,0,137.21421660924,0,-0.736419524880524,-2.84395158947011,-1.03015143463099,0.0347782435895578
952,1,410.559526585827,0,-0.0364361216428972,-0.804259251467761,0.0215928848577325,0.549928252975306
953,0,363.112316164112,1,-0.792997089743006,0.803100290926803,-0.281739431431141,-1.0538373806954
954,0,254.283094030749,0,0.584396869542431,0.381266036961161,0.236760533970399,1.3914800221793
955,0,190.833771316249,0,-0.196137810901221,-0.592174281920313,-0.116004463830642,-0.12753674610603
956,1,636.900163309418,1,0.362640782084764,-0.136258302148977,-0.615652051327168,0.211904701621147
957,0,430.274966950665,1,-0.869483186330335,2.42201084501,0.598095332004242,-0.986353603437234
958,0,182.837542859185,0,-0.38652648946236,-1.12108780243257,-0.0268758243109673,-0.0999108090842876
959,0,458.037999579539,1,0.0903160368132008,1.36154300636922,0.0582221550928301,-0.200195823038058
960,1,554.179297295885,1,-0.292852635468514,0.305644892390957,-0.170733090157113,-1.39847663766955
961,0,311.055875409192,0,1.90982357228437,0.311136936682876,2.92064138487716,0.424634961443004
962,1,434.596889930035,1,-1.25580745827572,-0.851982749771195,-0.134518583816866,-1.25414906344742
963,1,737.646861945461,1,0.540330829587805,-0.660760872239766,0.426859035020893,1.69552837883316
964,1,429.018189719144,0,-0.208499690587923,0.364991839690242,-0.0682437550386817,0.501350799640503
965,0,255.53553251415,0,0.78063071084471,0.217597626430287,0.0823896947280063,1.35670654523255
966,0,392.850149915092,1,-0.300301376140706,-0.411842711240831,-0.149806690172881,0.226118365462388
967,1,344.860202080223,1,-1.45555471310665,-1.52091019377251,-1.21502729002013,-1.30925943323096
968,1,486.070375120122,0,0.166779586436225,0.951508915115733,-0.261713375686614,1.33989864846514
969,0,331.345224163051,1,-0.3917666145968,-1.36822676147188,-0.20200935146359,-0.894370350321632
970,0,353.085191204136,1,-0.866667603613951,1.92353108137767,-0.835143477276671,-1.76443791137697
971,1,537.798158054235,1,-0.683811784542467,-0.722962915986797,0.352197313250747,-0.529390290420424
972,0,344.904216745688,1,-0.173746753170523,-1.68959223733522,-0.0366797888638612,-0.676479499837486
973,1,718.834380101895,0,3.76640104024457,0.319164106691488,2.58571031852058,0.496506965481247
974,1,437.966510580863,0,-0.057117622116315,0.316856334502338,0.0848709059511784,0.356714014652801
975,0,295.186814423721,1,-0.861779410397434,-1.43534767760325,0.105198523367338,-1.5625329048714
976,1,701.275123729608,0,2.41303518086411,-0.0898317129079284,1.62788561515502,3.95799009177992
977,0,172.160487176612,0,-0.54650636288475,-0.892036250744059,-0.612710736977894,-0.301658300509619
978,0,202.974864847053,0,-0.78277415751984,0.405101380253751,0.782449168331947,-0.10401846135729
979,0,222.692301834796,0,-0.988814373306837,0.192095899900492,3.07617836324521,-0.37567405616314
980,0,292.652343556742,1,-0.694106838432563,-1.51703390603037,-0.63682533377272,-1.15829945749765
981,1,555.448506940075,0,2.48125208428037,0.0597493696812654,-1.39399913245049,1.35202506527383
982,1,427.706120700039,0,0.729122341391452,-0.358047203665559,-0.679858961850408,-0.156996028933423
983,0,247.680325410734,0,0.516764217973756,0.37851024739807,0.512965335997784,0.789582151280222
984,1,442.152259905821,0,-0.094521417191047,0.515363391876288,-0.262797266274399,0.645644250543436
985,0,422.362094691214,1,0.0313323655251108,-0.0269992895829439,0.0177030914847341,0.0710155344210843
986,1,429.389586310229,0,0.346898626873265,-0.520212468110571,1.41349404079431,-1.27016711812214
987,1,419.637355779318,0,-0.0317677309593653,-0.387582278924972,-0.282439316209194,0.762997829673446
988,0,379.143166724918,1,-0.0869968728400844,-0.862616044207299,-0.128710786247601,-0.321923196877923
989,1,803.821315928894,1,0.791430551992789,0.428004621043903,0.389036840409013,1.82703899059036
990,0,437.608025579845,1,-0.352259203181088,1.35334458045837,-0.0915866372152647,0.0719765690846052
991,0,404.896482515577,1,0.00470034794836542,0.040361421078675,-0.33577148939741,-0.204417870206158
992,1,519.225910190029,1,-0.819197727746023,0.441861986052249,-0.246788837364153,-1.20215329814582
993,0,267.608115694218,0,1.77947545231355,-0.0656869957597449,-0.58100352192834,1.27266706449755
994,0,234.16405457719,0,1.44614257465066,0.0802497716233692,-1.29010790482671,0.109418929192026
995,1,549.507444163855,1,-1.20725689869659,2.97338467352864,-1.67664237063506,-0.84065802370679
996,1,600.897382874397,1,-0.390236981708521,0.267631379466387,-0.413828046988052,0.206315660487601
997,0,227.075515328525,0,0.303506061433937,0.90163539573973,-0.831522068899817,0.4985134468321
998,1,478.047094068237,0,0.231563145992071,0.174547040371092,0.492740404547599,1.07101767508118
999,0,212.313994375348,0,0.546044905661537,-0.808904871684766,0.110660526685258,-0.19166329940124
1000,1,479.780301289662,1,-0.551244386952357,-1.33993180581135,-0.295540057715222,-0.975200101180829
